privince,城市,地区
山西,太原,迎泽区除高风险区外的其他地区
山西,太原,小店区盛立苑2号楼3单元
山西,太原,小店区金泉羊汤大碗面（南中环街罗马花园店）
山西,太原,清徐县除高风险区外的其他区域
山西,太原,小店区盛立苑小区（2号楼3单元除外）
山西,太原,小店区翰林华府6号楼
山西,太原,小店区李家庄村北街一巷1排2户
山西,太原,万柏林区九院403小区9号楼2单元
山西,太原,晋源区绿地世纪城2期7号楼
山西,太原,小店区山西青年职业学院家属院4号楼1单元
山西,太原,万柏林区除高风险区外其他区域
山西,太原,万柏林学院国际16A
山西,太原,晋源区万科金域蓝湾一期1号楼3单元、4单元
山西,太原,晋源区东城角村信鸽协会
山西,太原,小店区龙城天悦7号楼3单元
山西,太原,小店区保利香槟国际小区13号楼1单元
山西,太原,小店区白云小区7号楼3单元
山西,太原,尖草坪区山西时代青年信鸽公棚
山西,太原,晋源区东城角村（信鸽协会二部除外）
山西,太原,小店区鼎太风华写字楼B座4—30层
山西,太原,晋源区晋阳堡村李大志鸽棚
山西,太原,小店区驴肉火烧店(红寺街)
山西,太原,晋源区万科金域蓝湾一期6号楼
山西,太原,晋源区姚村镇盛世田园小区3号楼
山西,太原,晋源区除高风险区外其他区域
山西,太原,阳曲县除高风险区外的其他区域
山西,太原,晋源区德恒世府苑3号楼2单元
山西,太原,晋源区晋祠镇南张村大众饭店
山西,太原,晋源区义井街20号太化公司小区3号楼
山西,太原,晋源区和平南路299号龙城快捷酒店
山西,太原,晋源区丽都静林湾小区7号楼
山西,太原,小店区晋宝翔俱乐部
山西,太原,晋源区北庄头村鸽棚
山西,太原,晋源区庞家寨村羴鲜羊汤馆
山西,太原,晋源区古城营俊清羊汤馆
山西,太原,晋源区东关村邮政快递
山西,太原,晋源区东关村菜鸟驿站
山西,太原,晋源区东关村村委会
山西,太原,晋源区晋阳堡村村委会
山西,太原,小店区太航小区太航西市场
山西,太原,晋源区晋阳堡村（村委会、李大志鸽棚除外）
山西,太原,晋源区东关村（村委会、邮政快递、菜鸟驿站除外）
山西,太原,晋源区庞家寨村（羴鲜羊汤馆除外）
山西,太原,晋源区古城营村（俊清羊汤馆除外）
山西,太原,晋源区北庄头村（鸽棚除外）
山西,太原,晋源区源香小镇小区
山西,太原,小店区除高风险区外其他区域
山西,太原,晋源区万科金域蓝湾一期2号楼2单元
山西,太原,小店区龙城壹号小区3号楼1单元
山西,太原,小店区臻观苑北区8号楼6单元
山西,太原,迎泽区迎泽苑小区8号楼
山西,太原,万柏林建北413小区11号楼3单元
山西,太原,小店区保利香槟国际小区（13号楼1单元除外）
山西,太原,万柏林区九院403小区（9号楼2单元除外）
山西,太原,万柏林区建北413小区（东至建筑东巷，南至412小区，西至铁南路，北至西铭路；11号楼3单元除外）
山西,太原,万柏林区建北惠生活便民市场
山西,太原,尖草坪区镇城村朝凤锦苑小区4号楼
山西,太原,尖草坪区镇城村（朝凤锦苑小区4号楼除外）
山西,太原,万柏林区中海国际社区片区（东至玉门河快速路，南至西铭街，西至西铭路，北至安宁街；中海国际社区3期除外）
山西,太原,小店区寇庄北街21中宿舍1号楼4单元
山西,太原,晋源区绿地世纪城四期30号楼
山西,太原,尖草坪区龙聚装饰城
山西,太原,迎泽区颐园小区10号楼
山西,太原,小店区小店村凤凰南路盛安东街5号
山西,太原,迎泽区兴隆街11号5号楼A座
山西,太原,迎泽区兴隆街11号5号楼B座
山西,太原,迎泽区旧城街全顺馨城小区15号楼2单元
山西,太原,迎泽区南海东街25号楼1单元
山西,太原,迎泽区桃园四巷北一条10号院1单元
山西,太原,迎泽区水西关南街省建五公司北楼
山西,太原,迎泽区海边街8号院B座
山西,太原,迎泽区水西关街海外宿舍1号楼3单元
山西,太原,迎泽区桃园四巷32号小二楼
山西,太原,迎泽区劲松北路26号3单元
山西,太原,迎泽区惠民北巷水利厅11号院5单元
山西,太原,迎泽区新建路56号供电局小区5号楼1单元
山西,太原,迎泽区中奥名邸
山西,太原,迎泽区水西关南一巷16号院1号楼1单元
山西,太原,迎泽区水西门26号国税宿舍东单元
山西,太原,迎泽区劲松北路19号楼
山西,太原,迎泽区西海街8号院2单元
山西,太原,迎泽区海边街H酒店
山西,太原,迎泽区景观新贵豪庭小区b座
山西,太原,迎泽区新城南街小区18号院4号楼
山西,太原,迎泽区财大北校宿舍3号楼
山西,太原,迎泽区朝阳小区4号楼
山西,太原,迎泽区景泰花苑5号楼3单元
山西,太原,迎泽区康乐街46号院2号楼3单元
山西,太原,迎泽区双塔东街文汇商务大厦A座七层以上楼层
山西,太原,杏花岭区胜利街306号物资局宿舍2号楼2单元
山西,太原,杏花岭区大东关宜家上东城7号楼
山西,太原,杏花岭区国樾龙城C区27号楼1单元
山西,太原,杏花岭区小沟坡东街瑞生佳园4号1单元
山西,太原,杏花岭区大同路德祥六院6号楼
山西,太原,杏花岭区天地坛小区5号楼
山西,太原,杏花岭区半坡西街60号税务局宿舍4单元
山西,太原,杏花岭区建设北路209号院1号楼1单元
山西,太原,杏花岭区璞园小区7号楼4单元
山西,太原,杏花岭区中车国际1期3号楼1单元
山西,太原,杏花岭区华聚苑A区7号楼院内车库南楼
山西,太原,杏花岭区米拉公寓
山西,太原,杏花岭区羊市街西侧11号楼2单元
山西,太原,杏花岭区绿景未来城7号楼2单元
山西,太原,杏花岭区半坡街菜市场居民楼3单元
山西,太原,杏花岭区清华苑1号楼2单元
山西,太原,万柏林香悦澜溪小区B座
山西,太原,万柏林新庄南小区2号楼
山西,太原,万柏林丽水苑1号楼
山西,太原,万柏林夏威夷小区7号楼
山西,太原,万柏林中海寰宇小区8号楼
山西,太原,万柏林南寒圣都4号楼3单元
山西,太原,万柏林西华苑19号楼1单元
山西,太原,万柏林万科金域华府小区6号楼1单元
山西,太原,杏花岭区除高风险外其他地区
山西,太原,尖草坪区除高风险区外的其他地区
山西,太原,小店区平阳路街道
山西,太原,杏花岭区北大街87号回迁房46号楼
山西,太原,晋源区怡佳天一城6号楼
山西,晋中,寿阳县除中风险区外的其他地区
山西,晋中,平遥县铁北东街区域（东至铁北东街南6米道<不含>、南至铁北东街南2巷<含>、西至铁北东街南4米道<不含>、北至铁北东街南4巷<含>）
山西,晋中,平遥县新华北街区域（东至新华北街6米道<不含>、南至新华北街西3巷<含>、西至园丁南路<不含>、北至上西关街<不含>）
山西,晋中,平遥县果子沟村
山西,晋中,平遥县城东街道办事处城南小区
山西,晋中,平遥县城西街道煤化小区
山西,晋中,平遥县卜宜乡青龙村
山西,晋中,平遥县段村镇段村
山西,晋中,平遥县全县域除高风险区域外
山西,晋中,平遥县古陶镇柳西花园小区
山西,晋中,平遥县卜宜乡东卜宜村
山西,晋中,平遥县军寨村
山西,晋中,平遥县神南村
山西,晋中,平遥县段村镇南羌村
山西,晋中,平遥县古陶镇城南堡村富城家园小区
山西,晋中,平遥县城西街道职教艺墅小区
山西,晋中,平遥县卜宜乡明子村
山西,晋中,平遥县梁家滩村
山西,晋中,平遥县永城村
山西,晋中,平遥县东坡村
山西,晋中,平遥县段村镇七洞村
山西,晋中,平遥县南常村
山西,晋中,平遥县襄垣乡襄垣村
山西,晋中,平遥县中都乡桥头村
山西,晋中,平遥县昌源街区域（东至康宁路以西第三条南北巷<不含>、西至春蕾路<不含>、南至昌源西街<含>、北至昌源街北三巷<不含>）
山西,晋中,平遥县曙光高层小区
山西,晋中,平遥县北城新庄村
山西,晋中,平遥县古陶镇干坑村
山西,晋中,平遥县城西街道永安小区
山西,晋中,平遥县富瑞一期二期小区
山西,晋中,平遥县城东街道秋雨二期小区
山西,晋中,平遥县城东街道曙光花园小区
山西,晋中,平遥县城东街道新晋大院小区
山西,晋中,榆社县除高风险区外的其他地区
山西,晋中,介休市除高风险区外的其他地区
山西,晋中,左权县除高风险区外的其他地区
山西,晋中,平遥县卜宜乡东胡村
山西,晋中,平遥县南政乡东刘村
山西,晋中,太谷区除高风险区以外的区域为低风险区
山西,晋中,昔阳县除高风险区以外的区域
山西,吕梁,文水县西槽头乡百金堡村
山西,吕梁,文水县孝义镇孝义村
山西,吕梁,文水县凤城镇金凤嘉苑小区
山西,吕梁,文水县除高风险区域外的其他地区
山西,吕梁,文水县刘胡兰镇城子村
山西,吕梁,文水县刘胡兰镇保贤村
山西,阳泉,城区除高风险外的其他地区
山西,阳泉,高新区东城水岸小区8号楼2单元
山西,阳泉,高新区除高风险区外的其他地区
山西,阳泉,矿区除高风险外的其他地区
山西,阳泉,平定县除高风险外的其他地区
山西,大同,广灵县除高风险外的其他地区
山西,大同,云冈区除高风险以外的区域为低风险
山西,大同,平城区除高风险区外的其他地区
山西,大同,天镇县除高风险外的其他地区
山西,朔州,应县8号快递门市
山西,朔州,朔城区高风险区以外的其他区域
山西,朔州,应县万家批发超市(塔西)
山西,朔州,应县五女凉粉店
山西,朔州,应县包子铺(二环路十字路口)
山西,朔州,应县头领理发店
山西,朔州,应县小宫烟酒(二环路)
山西,朔州,应县小段门诊
山西,朔州,应县箭牌卫浴商铺
山西,朔州,应县张三批发水果店
山西,朔州,应县新世纪对面裁缝店
山西,朔州,应县曹状元店铺
山西,朔州,应县杜二水产店
山西,朔州,应县棉太太家纺门市
山西,朔州,应县椒大叔麻辣烫店
山西,朔州,应县海洋水产
山西,朔州,应县王建梁瓜果批发
山西,朔州,应县甘斐烟酒门市
山西,朔州,应县白马石羊肉馆
山西,朔州,应县盛世明皇地砖店
山西,朔州,应县过桥米线(颐塔街北十字路口)
山西,朔州,应县鹏飞打印店(二中附近)
山西,朔州,应县除高风险区外的其他地区
山西,朔州,应县鼎力全屋定制店（信誉商厦南）
山西,朔州,应县炫丽内衣店
山西,朔州,应县意尔康鞋店 (应百附近)
山西,朔州,应县新兴鞋店
山西,朔州,应县旧街小杂粮店面
山西,朔州,应县东关红娃门市(旧食品公司十字路口 )
山西,朔州,应县小郭门市
山西,运城,盐湖区关公大酒店
山西,运城,盐湖区金沙会馆（山西省运城市条山街88号）
山西,运城,盐湖区除高风险区以外其他区域
山西,运城,盐湖区北城街道办干河新村
山西,运城,盐湖区北城街道办北苑新村
山西,运城,盐湖区大渠街道办运金路鸿运喜宴
山西,运城,盐湖区大渠街道办寺北村九组曲某某所在巷道
山西,运城,盐湖区东城街道办槐豫东路4巷12号
山西,运城,盐湖区东城街道办逸夫小学
山西,运城,盐湖区安邑街道办库东路尚东商务写字楼对面邢师饺子馆
山西,运城,盐湖区大渠街道办北城印象阳博超市
山西,运城,盐湖区大渠街道办北城印象门口王笑便利店
山西,运城,盐湖区大渠街道办北城印象萌萌超市
山西,运城,盐湖区安邑街道办凤鸣苑18号楼1单元
山西,运城,盐湖区安邑街道办库东路下沉广场瘦吧店
山西,运城,盐湖区安邑街道办库东路冲鸡力饭店
山西,运城,盐湖区安邑街道办库东路河东故事晋味餐厅
山西,运城,盐湖区安邑街道办库东路尚东商务写字楼
山西,运城,盐湖区北城街道办槐中北路建材巷（36、38、40、42号）
山西,运城,盐湖区西城街道办西城派出所附近扬子便利店
山西,运城,盐湖区安邑街道办库东路真是便利店
山西,运城,盐湖区北相镇侯家卓村运鹏烟酒副食店
山西,运城,盐湖区东城街道办南风广场水晶服饰
山西,运城,盐湖区东城街道办鑫源服装城
山西,运城,盐湖区东城街道办鑫源服装城门口蜜雪冰城店
山西,运城,盐湖区冯村乡北畔村
山西,运城,绛县除高风险区外的其他地区
山西,运城,芮城县除高风险区外的其他区域
山西,临汾,侯马市除高风险区外的其他地区
山西,临汾,浮山县除高风险区外的其他地区
山西,临汾,尧都区除高风险区外的其他地区
山西,忻州,忻府区除高风险区域以外的其他地区
山西,忻州,神池县内除已划定的高风险之外的区域
山西,忻州,定襄县除上述高风险区域以外的其他地区
山西,忻州,五寨县除高风险区域以外的其他地区
山西,忻州,繁峙县繁城镇除新国税小区以外区域
山西,忻州,代县阳明堡镇七里铺村除高风险以外地区
山西,忻州,五台县除高风险外的其他地区
山西,忻州,代县上馆镇五里村
山西,忻州,代县阳明堡镇马站村
山西,忻州,代县阳明堡镇古城村
山西,忻州,代县除高风险区外的其他地区
山西,忻州,繁峙县除高风险区外的其他地区
山西,忻州,宁武县除已划定的高风险外的区域
山西,晋城,高平市除高风险外的其他地区
山西,长治,潞城区除高风险区以外区域
云南,文山,富宁县除高风险区外其他区域
云南,临沧,双江县除高风险区外其他区域
云南,玉溪,华宁县除高风险区外其他区域
云南,曲靖,麒麟区除高风险区外其他区域
云南,曲靖,沾益区除高风险区外其他区域
云南,曲靖,宣威市除高风险区外其他区域
云南,曲靖,富源县除高风险区外其他区域
云南,昆明,官渡区除高风险区外的其他区域
云南,昆明,经开区除高风险区外其他区域
云南,昆明,五华区管理范围内除高风险区外的其他区域
云南,昆明,盘龙区管理范围内除高风险区外的其他区域
云南,昆明,西山区管理范围内除高风险区外的其他区域
云南,昆明,呈贡区管理范围内除高风险区外的其他区域
云南,昆明,晋宁区管理范围内除高风险区外的其他区域
云南,昆明,安宁市管理范围内除高风险区外的其他区域
云南,昆明,嵩明县管理范围内除高风险区外的其他区域
云南,昆明,石林县管理范围内除高风险区外的其他区域
云南,红河,泸西县除高风险区域以外的其他区域
云南,德宏,瑞丽市除高风险地区外地区区域
云南,德宏,陇川县除高风险区外其他区域
云南,德宏,盈江县除高风险区外其他区域
云南,昭通,鲁甸县县内全域
云南,昭通,巧家县除高风险区外其他区域
甘肃,白银,会宁县其他区域
甘肃,白银,景泰县其他区域
甘肃,白银,靖远县其他区域
甘肃,兰州,七里河区其他区域
甘肃,兰州,城关区其他区域
甘肃,兰州,榆中县其他区域
甘肃,兰州,西固区其他区域
甘肃,兰州,安宁区其他区域
甘肃,兰州,红古区其他区域
甘肃,兰州,高新区其他区域
甘肃,武威,凉州区其他区域
甘肃,嘉峪关,嘉峪关市其他区域
甘肃,庆阳,西峰区其他区域
甘肃,甘南,舟曲县其他区域
甘肃,临夏,临夏市其他区域
甘肃,天水,麦积区其他区域
重庆,重庆,巴南区花溪街道宗申金蓝湾1期5栋
重庆,重庆,巴南区李家沱街道康平路93号
重庆,重庆,巴南区龙洲湾街道颜龙山水7幢
重庆,重庆,大渡口区茄子溪街道惠丰社区H18小区3栋
重庆,重庆,涪陵区荔枝街道建涪社区育才路13号邮电新村小区1—6栋
重庆,重庆,开州区汉丰街道、文峰街道、云枫街道除已划定高风险区以外的其他区域。
重庆,重庆,璧山区大路街道正兴镇卫寺村2组
重庆,重庆,万盛经开区万盛街道国能天街棒骨时代自助火锅
重庆,重庆,大渡口区跳磴镇跳磴蓝沁苑8栋
重庆,重庆,长寿区菩提街道时代国际（朝阳路333号）1栋
重庆,重庆,南岸区除高风险区、临时管控区以外的其他区域
重庆,重庆,大足区万古镇石牛村9组8号
重庆,重庆,开州区文峰街道中吉社区东城国际2栋
重庆,重庆,璧山区璧城街道璧玉城3栋
重庆,重庆,万盛区万东镇海棠晓月小区18号楼1单元
重庆,重庆,大足区龙水镇幸光路500号
重庆,重庆,万州区龙都街道厦门大道99号3号楼
重庆,重庆,大渡口区九宫庙街道湖榕锦苑1栋
重庆,重庆,永川区大安街道永能小区10单元
重庆,重庆,合川区除高风险区外的其他区域为低风险区
重庆,重庆,巴南区龙洲湾街道万达金街辣叁巡火锅（渝南大道299号）
重庆,重庆,璧山区大路街道团坝村大团金属冲压厂
重庆,重庆,璧山区大路街道团坝村宗铭冲压厂
重庆,重庆,大渡口区春晖路街道秋实春华4栋1单元
重庆,重庆,巴南南泉街道和平村和平新村I幢
重庆,重庆,巴南区李家沱街道亲和佳苑1栋
重庆,重庆,永川区大安街道唐仁家苑小区12栋
重庆,重庆,北碚区蔡家岗街道碚都佳园B区3栋
重庆,重庆,大渡口区春晖路街道千禧花园8栋1单元
重庆,重庆,开州区文峰街道三中社区728号1栋
重庆,重庆,巴南区花溪街道工业园区建设大道20号
重庆,重庆,万州区太白街道北滨大道二段1011号移民小区1号楼1单元
重庆,重庆,大渡口区跃进村街道跃进路17号缤纷时代A、B栋
重庆,重庆,大渡口区跃进村街道泽科御峰2栋
重庆,重庆,巴南区李家沱街道宏源小区22栋
重庆,重庆,大渡口区茄子溪街道申佳子溪苑9栋
重庆,重庆,璧山区璧城街道兴旺正街长城驾校187号2单元
重庆,重庆,璧山区大路街道北街惠每家超市（俞锐超市）
重庆,重庆,开州区文峰街道天鹅湖社区侨城半岛1栋、8栋
重庆,重庆,大渡口区八桥镇中交丽景5期7栋
重庆,重庆,巴南区物流基地李队长老火锅（巴南区348国道与公平立交交叉口南360米）
重庆,重庆,大渡口区春晖路街道锦天康都1栋
重庆,重庆,大渡口区春晖路街道天辰美苑5栋
重庆,重庆,大渡口区跃进村街道大堰二村2号3单元
重庆,重庆,璧山区大路街道红石南街112号
重庆,重庆,璧山区大路街道南街198号附34号
重庆,重庆,大渡口区跃进村街道渝钢村68栋
重庆,重庆,大渡口区九宫庙街道金科博翠长江1栋
重庆,重庆,潼南区桂林街道除高风险区外的区域为低风险区。
重庆,重庆,大渡口区春晖路街道国瑞城2期2栋
重庆,重庆,璧山区璧泉街道永嘉大道风栖谷小区1栋
重庆,重庆,巴南区龙洲湾街道联发龙洲湾一号A区5栋
重庆,重庆,北碚区蔡家岗街道旭辉朗悦郡2栋、21栋
重庆,重庆,北碚区歇马街道幸福家园小区4栋、8栋
重庆,重庆,巴南区物流基地木洞镇尚盟A区22栋
重庆,重庆,永川区大安街道奥韵雅苑小区6栋
重庆,重庆,北碚区北温泉街道状元府第1栋
重庆,重庆,秀山县乌杨街道乌杨社区第一安置点13栋1单元
重庆,重庆,璧山区璧泉街道凤凰城14栋
重庆,重庆,璧山区璧泉街道沿河西路南段74号1栋
重庆,重庆,万盛经开区万东镇阳光花园小区1栋
重庆,重庆,大足区石马镇场镇范围
重庆,重庆,北碚区蔡家岗街道汪家堡社区1区6栋
重庆,重庆,巴南区龙洲湾街道万达金街定山城老火锅
重庆,重庆,大渡口区九宫庙街道洄龙苑6号楼
重庆,重庆,长寿石堰镇兴隆村、新滩村、朝阳村、高庙村、新寨村和兴庄村除上述及已划定高风险区以外的其他区域。
重庆,重庆,北碚区北温泉街道状元府第13栋
重庆,重庆,大渡口区八桥镇盛世龙都A区3栋
重庆,重庆,江北区石马河街道、大石坝街道除上述已划定中风险区以外的其他区域。
重庆,重庆,大渡口区九宫庙街道仁有逸景2栋、3栋
重庆,重庆,大渡口区茄子溪街道融创春晖十里印象茶楼
重庆,重庆,巴南区李家沱街道恒大城二期36栋
重庆,重庆,大渡口区九宫庙街道新工二村79栋
重庆,重庆,大渡口区九宫庙街道天安珑园1栋
重庆,重庆,巴南区鱼洞街道江洲路7号1单元
重庆,重庆,开州区雪宝山镇罗家村4组20号
重庆,重庆,璧山区青杠街道方莱克模具厂宿舍（塘坊西五路）
重庆,重庆,巴南区龙洲湾街道龙海社区典雅中央广场小区B4栋
重庆,重庆,大渡口区春晖路街道晋愉绿岛3栋
重庆,重庆,璧山区璧泉街道剑山路两山景苑5栋
重庆,重庆,大渡口区新山村街道建设村26栋
重庆,重庆,江津区圣泉街道除上述已划定高风险区以外的其他区域
重庆,重庆,大渡口区跃进村街道跃进村47栋3单元
重庆,重庆,江北区华新街街道、寸滩街道除上述已划定中风险区以外的其他区域。
重庆,重庆,大渡口区建胜镇百佳园社区西城佳园10栋
重庆,重庆,巴南区花溪街道燕岺社区东海定南山40栋
重庆,重庆,巴南区花溪街道狮子坪社区珠江城D区4栋
重庆,重庆,永川区大安街道恒鑫豪庭小区A栋
重庆,重庆,大渡口区九宫庙街道顶福天际1栋
重庆,重庆,巴南区麻柳嘴镇：感应村1组
重庆,重庆,璧山区青杠街道何勇中医诊所（双朝北路2号）
重庆,重庆,巴南区龙洲湾街道龙井佳园5栋
重庆,重庆,北碚区北温泉街道缙泉路99号
重庆,重庆,大渡口区建胜镇百佳园社区西城佳园6栋
重庆,重庆,永川区中山路街道全域（高风险区除外）
重庆,重庆,开州区金州社区春天花园B3栋
重庆,重庆,巴南区物流基地玻璃门窗市场881-19
重庆,重庆,巴南区鱼洞街道鲁能南渝星城9栋
重庆,重庆,渝北区龙山街道、龙塔街道、双凤桥街道、两路街道除上述中风险区以外的区域。
重庆,重庆,巴南区龙洲湾街道仙居山陵园
重庆,重庆,巴南区龙洲湾街道协信星澜汇味当年火锅店
重庆,重庆,巴南区龙洲湾街道渝南大道659号
重庆,重庆,璧山区璧泉街道碧波水岸小区4栋
重庆,重庆,万盛经开区万东镇渝南明珠小区5栋
重庆,重庆,永川区青峰镇青峰场社区永青苑12栋
重庆,重庆,大渡口区九宫庙街道荣涛丽苑1栋
重庆,重庆,大渡口区八桥镇中交丽景1期6栋
重庆,重庆,北碚区蔡家岗街道山水庭源5栋
重庆,重庆,璧山区青杠街道比比Q小吃店（中大街276号）
重庆,重庆,大渡口区八桥镇盛世融城A区
重庆,重庆,大渡口区八桥镇华宇观澜华府7栋
重庆,重庆,璧山区璧城街道皮革二区塘湾街20号、42号
重庆,重庆,璧山区璧泉街道人才公寓19栋
重庆,重庆,北碚区水土街道中机中联工程有限公司项目部工地
重庆,重庆,璧山区大路街道重庆宜尔雅门窗幕墙有限公司
重庆,重庆,北碚区蔡家岗街道光瑞万和世家B区2栋1单元
重庆,重庆,北碚区北温泉街道团山一路21号6单元
重庆,重庆,大渡口区春晖路街道旅游学校教师楼A栋
重庆,重庆,北碚区北温泉街道桂香苑3栋
重庆,重庆,万盛经开区万盛街道国能天街7栋
重庆,重庆,大渡口区八桥镇雅居乐二期1栋
重庆,重庆,北碚区复兴街道除中风险区及临时管控区以外的其它区域
重庆,重庆,北碚区童家溪镇除中风险区及临时管控区以外的其它区域
重庆,重庆,大渡口区春晖路街道御景天都6栋
重庆,重庆,北碚区北温泉街道团山一路18号3单元
重庆,重庆,璧山区大路街道文曲街72号
重庆,重庆,江北区江北城街道除上述已划定高风险区以外的其他区域
重庆,重庆,大渡口区新山村街道铺金昊城
重庆,重庆,北碚区歇马街道人和村板栗湾组29号
重庆,重庆,沙坪坝区歌乐山街道、小龙坎街道、覃家岗街道、丰文街道、渝碚路街道、新桥街道、沙坪坝街道、井口街道、童家桥街道、磁器口街道、山洞街道、天星桥街道、土湾街道、石井坡街道、土主街道、青木关镇、​双碑街道、陈家桥街道、中梁镇、联芳街道除已划定的高中风险区以外的区域
重庆,重庆,璧山区璧城街道沿河西路南段建行家属院4栋
重庆,重庆,长寿区菩提街道中央公园二组团2栋（桃西二支路88号）
重庆,重庆,璧山区璧泉街道秀湖鹭岛85栋
重庆,重庆,北碚区童家溪镇同兴正街
重庆,重庆,北碚区蔡家岗街道高风险区及临时管控区以外的其它区域
重庆,重庆,大渡口区跃进村街道革新村2栋3单元
重庆,重庆,北碚区歇马街道海上海小区2栋
重庆,重庆,北碚区歇马街道紫云台五组团1栋1单元、4栋2单元
重庆,重庆,大渡口区八桥镇半岛逸景A组团11栋
重庆,重庆,璧山区黛山壹品小区
重庆,重庆,璧山区新塔还建房13栋
重庆,重庆,璧山区大兴镇大鹏场街115号-135号
重庆,重庆,璧山区璧泉街道瀛嘉天下水岸国际5栋
重庆,重庆,巴南区龙洲湾街道旭辉城3期14栋
重庆,重庆,大渡口区八桥镇东海阿特豪斯7栋
重庆,重庆,璧山区璧城街道金山水岸11栋4单元
重庆,重庆,大渡口区春晖路街道蓝谷小镇18栋
重庆,重庆,大渡口区春晖路街道国瑞城1期2栋
重庆,重庆,大渡口区春晖路街道蓝馨园1栋1单元
重庆,重庆,大渡口区八桥镇半岛逸景A组团9栋
重庆,重庆,九龙坡区华岩镇除高风险区及相关临时管控区以外区域
重庆,重庆,九龙坡区杨家坪街道除高风险区及相关临时管控区以外区域
重庆,重庆,九龙坡区九龙街道除高风险区及相关临时管控区以外区域
重庆,重庆,九龙坡区石坪桥街道除高风险区及相关临时管控区以外区域
重庆,重庆,九龙坡区中梁山街道除高风险区及相关临时管控区以外区域
重庆,重庆,九龙坡区二郎街道除高风险区及相关临时管控区以外区域
重庆,重庆,九龙坡区渝州路街道除高风险区及相关临时管控区以外区域
重庆,重庆,九龙坡区石桥铺街道街道除高风险区及相关临时管控区以外区域
重庆,重庆,九龙坡区黄桷坪街道除高风险区及相关临时管控区以外区域
重庆,重庆,九龙坡区西彭镇除高风险区及相关临时管控区以外区域
重庆,重庆,九龙坡区铜罐驿镇除中高风险区及相关临时管控区以外区域
重庆,重庆,巫溪县柏杨街道建委二小区2单元
重庆,重庆,北碚区童家溪镇同兴南路2号
重庆,重庆,北碚区童家溪镇同兴横街2号
重庆,重庆,北碚区童家溪镇马山垭社区佘家河12号
重庆,重庆,北碚区童家溪镇同兴村水口社47号
重庆,重庆,开州区文峰街道天鹅湖社区锦程路东一街88号
重庆,重庆,北碚区童家溪镇同兴北路6号世林机械
重庆,重庆,北碚区北温泉街道缙泉路97号
重庆,重庆,大渡口跃进村街道跃进村102栋1单元
重庆,重庆,大渡口区跃进村街道大堰一村50栋2单元
重庆,重庆,大渡口区九宫庙街道钢花路848号
重庆,重庆,大渡口区新山村街道江上新都
重庆,重庆,大渡口区春晖路街道御景天都4栋
重庆,重庆,巴南区龙洲湾街道风花树13栋
重庆,重庆,九龙坡区谢家湾街道除高风险区及相关临时管控区以外区域
重庆,重庆,大渡口区春晖路街道春晖花园8栋
重庆,重庆,璧山区大路街道高拱村4组
重庆,重庆,璧山区大路街道团坝村5组、7组
重庆,重庆,大渡口区跃进村街道蓝光御江台一期1、2栋
重庆,重庆,大渡口区九宫庙街道元尚元1栋、2栋
重庆,重庆,大渡口区九宫庙街道仁有逸景1栋
重庆,重庆,巴南李家沱街道东邦小悦湾4栋
重庆,重庆,璧山区璧泉街道万承精密电子有限公司
重庆,重庆,璧山区璧泉街道太阳堡公租房3栋
重庆,重庆,璧山区璧城街道璧渝路石油公司家属院3栋（璧渝路215号）
重庆,重庆,璧山区青杠街道重庆华孚工业股份有限公司塘坊工厂
重庆,重庆,璧山区重庆特奇机电有限公司（含厂房、3栋宿舍楼）
重庆,重庆,大渡口区跳蹬镇幸福华庭C组团1栋
重庆,重庆,北碚区北温泉街道缙善路104号
重庆,重庆,北碚区北温泉街道北泉花园23栋
重庆,重庆,北碚区北温泉街道北泉路503号2单元
重庆,重庆,璧山区青杠街道橙橙生鲜超市（塘坊西四路9组农民新村21-26号）
重庆,重庆,璧山区大路街道文曲街唐洪琴诊所
重庆,重庆,璧山区大路街道文曲街刘学碧诊所
重庆,重庆,大渡口区跳磴镇幸福华庭B组团1栋
重庆,重庆,大渡口区新山村街道钢花村7栋
重庆,重庆,大渡口区新山村街道铺金丽城
重庆,重庆,璧山区璧泉街道仙山路黛山壹品6栋
重庆,重庆,璧山区璧泉街道永嘉大道风栖谷小区2栋
重庆,重庆,璧山区璧泉街道璧河名都8栋
重庆,重庆,长寿区凤城街道凤中路以东，黄桷路以西，乐至顺风亭小区以南，三峡路和重庆长寿供电局凤中路基地以北的合围区域除金凤新城小区以外的其他区域
重庆,重庆,开州区满月镇皓月社区月芽街264号、274号
重庆,重庆,大渡口区跃进村街道跃进村101栋4单元
重庆,重庆,大足区龙岗街道西街社区一环北路西段181号2、3单元
重庆,重庆,奉节县除高风险区外的其他区域划定为低风险区
重庆,重庆,江北区观音桥街道、五里店街道除上述已划定中风险区以外的其他区域。
重庆,重庆,北碚区蔡家岗街道嘉悦广场2栋、4栋
重庆,重庆,北碚区北温泉街道卢作孚路268号附58号
重庆,重庆,江北区鱼嘴镇除上述已划定中风险区以外的其他区域。
重庆,重庆,垫江县县域内除中、高风险区外的其它区域划定为低风险区域。
重庆,重庆,万州区周家坝街道天生城社区石城路29号、41号
重庆,重庆,巫溪县宁河街道马莲溪乐和小区
重庆,重庆,巫溪县古路镇观峰度假村江雅农庄
重庆,重庆,大渡口区新山村街道钢花村29栋
重庆,重庆,大渡口区跃进村街道大堰二村12栋1单元
重庆,重庆,大渡口区春晖路街道锦天康都7栋
重庆,重庆,万州区郭村镇三根村（高风险区除外）
重庆,重庆,大渡口区跳磴镇荣安林语春风B区1栋
重庆,重庆,大渡口区跳蹬镇幸福华庭E组团2栋
重庆,重庆,万州区五桥街道五桥街道全域
重庆,重庆,万州区钟鼓楼街道桑树社区1组彭某祥房屋、国君汽车修理厂、魏某东房屋、熊某华楼栋、崔某波楼栋、崔某国楼栋1号楼及2号楼。
重庆,重庆,大足大邮路经康庄路至龙湖路以北；大邮路以东；龙棠路以西；龙棠路经西一路至大邮路以南。
重庆,重庆,万州区周家坝街道双堰塘社区名亨11号楼A栋（天龙路329号）
重庆,重庆,万州区天海苑片区
重庆,重庆,大渡口区跃进村街道大堰一村8栋1单元
重庆,重庆,大渡口区春晖路街道枫丹筱筑1期2栋1单元
重庆,重庆,大渡口区新山村街道君悦天下
重庆,重庆,长寿区菩提街道圣天湖东岸7栋（桃源北一路1号）
重庆,重庆,北碚区童家溪镇同兴横街47号
重庆,重庆,北碚区蔡家岗街道江山假日小区1栋、7栋
重庆,重庆,大渡口区八桥镇半岛逸景2组团8栋
重庆,重庆,大渡口区建胜镇百佳园社区西城佳园12栋
重庆,重庆,巴南区龙洲湾街道龙海大道5号6幢
重庆,重庆,巴南区龙洲湾街道回龙小区12栋
重庆,重庆,巴南区龙洲湾瑞龙路16号
重庆,重庆,巴南区龙洲湾街道典雅广场小区6栋
重庆,重庆,巴南区融汇半岛艾德公馆(8期)6栋
重庆,重庆,巴南区融汇半岛玫瑰公馆1栋、10栋
重庆,重庆,巴南区麒龙村7号附118号楼下棋牌室
重庆,重庆,巴南区环球时代8栋
重庆,重庆,巴南区锦绣江南10栋
重庆,重庆,巴南区东邦小悦湾2栋
重庆,重庆,巴南区新界一号4栋
重庆,重庆,巴南区青岗湾小区11栋
重庆,重庆,巴南区合建村232栋、237栋1单元
重庆,重庆,巴南区其龙村7社
重庆,重庆,巴南区融汇半岛六期二栋
重庆,重庆,巴南区曼哈顿1期14栋
重庆,重庆,巴南区李家沱街道融汇半岛越昕晖19栋
重庆,重庆,巴南区李家沱街道融汇半岛一期9栋
重庆,重庆,巴南区汇景路417号
重庆,重庆,巴南区华宇龙湾30栋
重庆,重庆,巴南区江南水乡21栋1单元
重庆,重庆,巴南区巴比亚半山5栋
重庆,重庆,巴南区斌鑫江南御府14栋
重庆,重庆,巴南区斌鑫江南御府半日闲茶楼
重庆,重庆,巴南区花溪半岛2期15栋
重庆,重庆,巴南区花溪大厦88号
重庆,重庆,巴南区花溪街道红光新村5栋
重庆,重庆,巴南区花溪街道花溪半岛5栋
重庆,重庆,巴南区“往后瑜生”瑜伽馆
重庆,重庆,巴南区三鼎雅苑三单元
重庆,重庆,巴南区感应村3组、5组
重庆,重庆,巴南区麻柳嘴街社区三峡广场
重庆,重庆,巴南区南泉街道欧麓花园城唐顿庄园1栋
重庆,重庆,巴南区南泉街道博琅澜庭南区11栋
重庆,重庆,巴南区惠民街道：惠西路上城超市及楼上住户
重庆,重庆,巴南区木洞镇：生物城广泽公寓11楼16号
重庆,重庆,巴南区石龙镇：柏树村皂角坪。
重庆,重庆,巴南区圣灯山镇：永隆村三社20号。
重庆,重庆,巴南区界石镇樵坪人家公租房四组团5栋
重庆,重庆,巴南区界石镇畅想社区新华街57号
重庆,重庆,开州区汉丰街道金州社区春天花园C5栋
重庆,重庆,开州区汉丰街道锦程社区龙景名都3栋
重庆,重庆,开州区汉丰街道驷马社区4号院1栋
重庆,重庆,开州区文峰街道三中社区水果综合楼5栋2单元
重庆,重庆,开州区文峰街道三中社区下开宇楼
重庆,重庆,开州区云枫街道永安社区15号院1栋3单元
重庆,重庆,开州区云枫街道长青社区南山西路恒星耀名车
重庆,重庆,开州区云枫街道长青社区润泽院6栋2单元
重庆,重庆,开州区云枫街道兴合社区7号院5栋
重庆,重庆,秀山县中和街道秀山毛力内科诊所
重庆,重庆,秀山县中和街道汇豪世纪3期3栋3单元
重庆,重庆,秀山县中和街道锦绣名邸3栋
重庆,重庆,永川区南大街街道全域（高风险区除外）
重庆,重庆,万盛经开区万东镇永利豪庭小区F1栋
重庆,重庆,大足区通桥街道天星社区康桥名邸小区7幢6单元
重庆,重庆,开州区九龙街道锦程社区供电佳苑C1栋
重庆,重庆,开州区汉丰街道锦程社区龙祥苑11栋
重庆,重庆,开州区文峰街道三中社区杨小毛新楼2栋
重庆,重庆,开州区雪宝山镇白马社区玉泉街154号
重庆,重庆,开州区雪宝山镇上华村1组299号
重庆,重庆,开州区雪宝山镇钟鼓村1组39号
重庆,重庆,万州区周家坝街道映水坪社区映水路26号2单元
重庆,重庆,万州区百安坝街道扁寨路160号
重庆,重庆,万州区百安坝街道扁寨社区碧水蓝天小区9号楼
重庆,重庆,万州区百安坝街道扁寨社区丽景蓝湾小区11栋
重庆,重庆,万州区百安坝街道安顺路75号(奢思雅)
重庆,重庆,万州区陈家坝街道长江之星B2栋
重庆,重庆,万州区陈家坝街道长江之星B8栋柒霏酒店
重庆,重庆,万州区牌楼街道学院支路26号附25号4单元
重庆,重庆,万州区牌楼街道阅江豪庭F栋
重庆,重庆,万州区太安镇古堰村6组51号
重庆,重庆,万州区高梁镇锦湖园小区2号楼3单元
重庆,重庆,大渡口区春晖路街道古渡春色7栋
重庆,重庆,大渡口区春晖路街道秋实春华小区2栋
重庆,重庆,大渡口区春晖路街道晋愉岭海13栋
重庆,重庆,大渡口区春晖路街道晋愉绿岛16栋3单元
重庆,重庆,大渡口区跃进村街道大堰一村8栋3单元
重庆,重庆,大渡口区跃进村街道渝钢村65栋2单元
重庆,重庆,大渡口区跃进村街道跃进村24栋1单元
重庆,重庆,大渡口区八桥镇中交万都汇4栋
重庆,重庆,大渡口区八桥镇朵力品道3栋
重庆,重庆,大渡口区八桥镇半岛逸景A组团8栋
重庆,重庆,巴南区李家沱街道龙家湾社区小湾家园1栋
重庆,重庆,巴南区李家沱街道越昕晖小区32栋
重庆,重庆,巴南区李家沱街道融汇半岛融汇江山D区3栋
重庆,重庆,巴南区李家沱街道融汇半岛7期1栋
重庆,重庆,巴南区李家沱街道融汇半岛11期7栋
重庆,重庆,巴南区李家沱街道恒大城3期98栋
重庆,重庆,巴南区李家沱街道群乐佳苑8栋
重庆,重庆,巴南区李家沱街道融汇半岛格林美地12期14栋1单元、29栋1单元
重庆,重庆,巴南区龙洲湾街道龙洲花园5栋
重庆,重庆,巴南区龙洲湾街道联发龙洲湾1号C组团3栋
重庆,重庆,巴南区龙洲湾街道黄桷佳园1栋
重庆,重庆,巴南区花溪街道宗申青年国际4栋、11栋
重庆,重庆,巴南区花溪街道申烨太阳城2期27栋
重庆,重庆,巴南区花溪街道宏宁天城3栋
重庆,重庆,巴南区花溪街道珠江城D区11、13栋
重庆,重庆,巴南区鱼洞街道新城金樾府3栋2单元
重庆,重庆,巴南区南彭街道南湖路2号2幢
重庆,重庆,巴南区南泉街道红旗村2社25号、61号
重庆,重庆,巴南区南泉街道悦麓山27栋
重庆,重庆,巴南区南泉街道瑄泓消防设备经营部及宿舍2楼
重庆,重庆,巴南区南泉街道融创欧麓花园城博琅澜庭北区五栋
重庆,重庆,巴南区南泉街道红星村8组12号
重庆,重庆,巴南区界石镇桂花村安置房A区1栋4单元
重庆,重庆,巴南区界石镇重庆环卫集团固废运输公司职工宿舍楼（巴南区桂花村兰海高速南边）
重庆,重庆,巴南区木洞镇沧白街51号1单元
重庆,重庆,巴南区麻柳嘴镇梓桐村四组55号及祥众老厂区临时板房
重庆,重庆,巴南区龙洲湾街道协信星澜汇1期11栋
重庆,重庆,巴南区龙洲湾街道万友四季缤纷4栋
重庆,重庆,巴南区界石镇南溪绿郡C区1栋
重庆,重庆,巴南区木洞镇港湾小区15栋
重庆,重庆,涪陵区崇义街道兴华西路58号娃哈哈宿舍2栋
重庆,重庆,涪陵区李渡街道云星村。
重庆,重庆,开州区凤凰社区芳菲苑4栋
重庆,重庆,江津区双福街道
重庆,重庆,江津区道德感街道
重庆,重庆,江津区几江街道
重庆,重庆,江北区五宝镇除上述已划定高风险区以外的其他区域
重庆,重庆,涪陵区荔枝街道碧桂园21栋
重庆,重庆,涪陵区马鞍街道红星国际1栋
重庆,重庆,涪陵区马鞍街道壹城市奥特莱斯2栋
重庆,重庆,涪陵区敦仁街道建峰小区（建涪路36号）
重庆,重庆,涪陵区蔺市街道川祖庙社区60号
重庆,重庆,涪陵区江东街道金桃村5组
重庆,重庆,北碚区歇马街道缙云香缇2栋3单元
重庆,重庆,巴南区龙洲湾街道道角村黄桷佳园2栋
重庆,重庆,大足区棠香街道红星社区圣迹北路99号蓝湖国际6栋
重庆,重庆,潼南区大佛街道除高风险区外的其他区域为低风险区
重庆,重庆,璧山区青杠街道塘坊西5路方莱克模具厂
重庆,重庆,璧山区青杠街道和谐家苑3栋3单元
重庆,重庆,璧山区大路街道接龙村1组
重庆,重庆,璧山区大路街道健康城中铁十局项目部
重庆,重庆,璧山区大路街道逸夫小学家属院1栋、2栋
重庆,重庆,璧山区正兴镇朝阳村4组
重庆,重庆,开州区文峰街道开州大道974号A栋
重庆,重庆,开州区满月镇皓月社区月华街103/105/107号
重庆,重庆,开州区满月镇皓月社区月华街91号
重庆,重庆,开州区满月镇皓月社区月皓街103号
重庆,重庆,大渡口区九宫庙街道九宫庙106号
重庆,重庆,大渡口区建胜镇祥福路100号雨南山1栋1单元
重庆,重庆,大渡口区跳磴镇幸福华庭A组团9栋
重庆,重庆,璧山区大路街道团坝村2组
重庆,重庆,长寿区菩提街道和云台镇除已划定高风险区以外的其他区域
重庆,重庆,黔江区马喇镇、金洞乡除上述已划定高风险区以外的其他区域
重庆,重庆,綦江区古南街道、文龙街道、通惠街道、三江街道、新盛街道、石壕镇、赶水镇、安稳镇、打通镇、三角镇、石角镇、横山镇除已划定高风险区以外的其他区域。
重庆,重庆,万盛区万盛街道江山城小区15栋
重庆,重庆,万州区郭村镇全域（高风险区除外）
重庆,重庆,大渡口区跃进村街道大堰二村9栋
重庆,重庆,大渡口区新山村街道华润凤凰城8栋
重庆,重庆,大渡口区跃进村街道跃进支路9号1栋1、2、3单元
重庆,重庆,大渡口区跃进村街道大堰二村4栋
重庆,重庆,大渡口区跃进村街道大堰二村11栋3单元
重庆,重庆,大渡口区跃进村街道跃进村112栋
重庆,重庆,大渡口区跃进村街道大堰二村17栋
重庆,重庆,大渡口区九宫庙街道钢花路802号
重庆,重庆,大渡口区茄子溪街道钢城印象C区1栋
重庆,重庆,大渡口区跃进村大堰三村9栋1单元
重庆,重庆,璧山区璧泉街道红宇家苑19栋2单元
重庆,重庆,万州区余家镇全域（高风险区除外）
重庆,重庆,万州区百安坝街道全域（高风险区除外）
重庆,重庆,大渡口区九宫庙街道九宫庙51号
重庆,重庆,巴南区李家沱街道恒大城一期64栋
重庆,重庆,巴南区李家沱街道恒大城二期19栋
重庆,重庆,涪陵区珍溪镇仁义路78号
重庆,重庆,万州区周家坝街道双堰塘社区除高风险区以外区域
重庆,重庆,万州区周家坝街道映水坪社区除高风险区以外区域
重庆,重庆,万州区周家坝街道天子路社区除高风险区以外区域
重庆,重庆,万州区周家坝街道流水社区除高风险区以外区域
重庆,重庆,万州区周家坝街道长生河社区除高风险区以外区域
重庆,重庆,忠县花桥镇（高风险区除外）全域
重庆,重庆,忠县金鸡镇（高风险区除外）全域
重庆,重庆,忠县马灌镇全域
重庆,重庆,巫山县高唐街道广东中路106号林业局综合楼1号楼
重庆,重庆,巫山县高唐街道巫峡路550号1栋
重庆,重庆,巫山县高唐街道广东中路276号农业银行七单元
重庆,重庆,万州区双堰塘社区兴茂雅园5号楼
重庆,重庆,万州区双堰塘社区技校2号楼
重庆,重庆,万州区双堰塘社区李河宿舍
重庆,重庆,万州区双堰塘社区名亨2号楼
重庆,重庆,江津区珞璜镇除上述已划定高风险区以外的其他区域
重庆,重庆,万州区分水镇新石社区1组18号-198号（除高风险区）
重庆,重庆,南川区南城街道文华社区
重庆,重庆,南川区南城街道庆岩社区
重庆,重庆,南川区南城街道兴南社区
四川,德阳,绵竹市除高风险区外的区域
四川,宜宾,屏山县除高风险区外的其他地区
四川,宜宾,高县除高风险区外的其他地区
四川,宜宾,江安县除高风险区外的其他地区
四川,宜宾,翠屏区除高风险区外的其他区域
四川,宜宾,叙州区除高风险区外的其它区域
四川,阿坝,茂县除高风险区以外的其他区域
四川,阿坝,松潘县除高风险区以外的其他区域
四川,阿坝,九寨沟县除高风险区以外的其他区域
四川,凉山,昭觉县除高风险区外的其他区域
四川,凉山,西昌市除高风险区外的其他区域
四川,凉山,甘洛县除高风险外的其它区域
四川,成都,天府新区除高风险外的其它区域
四川,成都,成华区其它区域
四川,成都,青羊区除高风险区以外的其他区域
四川,成都,金牛区其它区域
四川,成都,龙泉驿区其它区域
四川,成都,温江区除高风险外的其它区域
四川,成都,金堂县除高风险区以外的其它区域
四川,成都,大邑县除高风险区外的其它区域
四川,成都,彭州市其它区域
四川,成都,简阳市除高风险区以外的其它区域
四川,成都,郫都区除高风险区以外的其它区域
四川,成都,新津区除高风险以外的其它区域
四川,成都,青白江区其它区域
四川,成都,双流区除高风险外的其它区域
四川,成都,锦江区其它区域
四川,成都,高新区其它区域
四川,成都,武侯区其它地区
四川,成都,新都区除高风险区以外的其他区域
四川,内江,东兴区除高风险外的其它区域
四川,巴中,平昌县除高风险以外的其它区域
四川,南充,南部县除高风险区以外的其他区域
四川,眉山,东坡区除高风险区外的其它区域
黑龙江,哈尔滨,尚志市高风险区以外的其他地区
黑龙江,哈尔滨,道外区除高风险区以外的其他地区
黑龙江,哈尔滨,五常市高风险区以外的其他地区
黑龙江,哈尔滨,木兰县除高风险区以外的其他地区
黑龙江,哈尔滨,平房区高风险区以外的其他地区
黑龙江,哈尔滨,阿城区高风险区以外的其他地区
黑龙江,哈尔滨,松北区高风险区以外的其他地区
黑龙江,哈尔滨,道里区高风险区以外的其他地区
黑龙江,哈尔滨,南岗区高风险区以外的其他地区
黑龙江,哈尔滨,香坊区高风险区以外的其他地区
黑龙江,齐齐哈尔,建华区除高风险区以外的其他地区
黑龙江,齐齐哈尔,铁锋区除高风险区以外的其他地区
黑龙江,鸡西,虎林市除高风险区以外的其它地区
黑龙江,大庆,红岗区高风险区以外的其他地区
黑龙江,大庆,萨尔图区高风险区以外的其他地区
黑龙江,大庆,龙凤区高风险区以外的其他地区
黑龙江,伊春,铁力市高风险区以外的其他地区
黑龙江,牡丹江,林口县除高风险区以外的其它地区
黑龙江,黑河,嫩江市高风险区以外的其他地区
黑龙江,黑河,爱辉区高风险以外的其他地区
黑龙江,绥化,缓棱县除高风险区以外的其他地区
黑龙江,绥化,北林区高风险区以外的其他地区
黑龙江,绥化,庆安县除高风险区以外的其他地区
黑龙江,绥化,肇东市高风险区以外的其他地区
黑龙江,绥化,安达市高风险区以外的其他地区
黑龙江,绥化,海伦市除高风险区以外的其他地区
福建,福州,仓山区（除中高风险区外的其他区域）
福建,福州,罗源县（除高风险区外）
福建,福州,高新区
福建,福州,仓山区建新镇金霞小区6号楼、9号楼
福建,福州,仓山区仓山镇双湖新城一区
福建,福州,仓山区建新镇金霞小区4号楼
福建,福州,仓山区盖山镇齐安村上湖村、先农村
福建,福州,仓山区上渡街道飞凤小区
北京,北京,顺义区张镇 张镇(除高风险区以外的区域)
北京,北京,朝阳区呼家楼街道 呼家楼街道(除高风险区外的其他地区)
北京,北京,大兴区魏善庄镇 魏善庄镇（除高风险区外的其他区域）
北京,北京,石景山区八宝山街道 八宝山街道(除高风险区外的其他地区)
北京,北京,房山区迎风街道 燕山地区迎风街道（除高风险区外的其他地区）
北京,北京,大兴区瀛海（地区）镇 瀛海镇（除高风险区外的其他区域）
北京,北京,通州区潞邑街道 潞邑街道（除高风险区外的其他地区）
北京,北京,通州区九棵树街道 九棵树街道(除高风险区外的其他地区)
北京,北京,昌平区东小口镇（除高风险区外其他地区）
北京,北京,通州区杨庄街道 杨庄街道(除高风险区外的其他地区)
北京,北京,通州区中仓街道 中仓街道(除高风险区外的其他地区)
北京,北京,石景山区苹果园街道 苹果园街道(除高风险区外的其他地区)
北京,北京,房山区窦店镇（除高风险区外的其他地区）
北京,北京,通州区临河里街道 临河里街道(除高风险区外的其他地区)
北京,北京,石景山区八角街道 八角街道(除高风险区外的其他地区)
北京,北京,顺义区北石槽镇 北石槽镇(除高风险区以外的区域)
北京,北京,顺义区赵全营镇 赵全营镇(除高风险区以外的区域)
北京,北京,昌平区沙河（地区）镇除高风险区以外区域
北京,北京,大兴区北臧村镇 北臧村镇（除高风险区外的其他区域）
北京,北京,大兴区黄村（地区）镇 黄村镇（除高风险区外的其他区域）
北京,北京,延庆区张山营镇（除高风险区外其他地区）
北京,北京,怀柔区庙城镇(除高风险区外的其他地区)
北京,北京,通州区马驹桥镇 马驹桥镇(除高风险区外的其他地区)
北京,北京,通州区永乐店镇 永乐店镇(除高风险区外的其他地区)
北京,北京,通州区台湖镇 台湖镇(除高风险区外的其他地区)
北京,北京,大兴区旧宫（地区）镇 旧宫镇（除高风险区外的其他区域）
北京,北京,顺义区牛栏山(地区)镇 牛栏山镇(除高风险区以外的区域)
北京,北京,通州区于家务回族乡 于家务回族乡(除高风险区外的其他地区)
北京,北京,通州区北苑街道 北苑街道(除高风险区外的其他地区)
北京,北京,通州区梨园（地区）镇 梨园镇(除高风险区外的其他地区)
北京,北京,房山区长阳镇全域除高风险区以外其他地区
北京,北京,怀柔区龙山街道（除高风险区外其他地区）
北京,北京,顺义区李桥镇 李桥镇(除高风险区以外的区域)
北京,北京,丰台区王佐镇王佐镇（除高风险区外的其他地区）
北京,北京,通州区漷县镇 漷县镇(除高风险区外的其他地区)
北京,北京,通州区新华街道 新华街道(除高风险区外的其他地区)
北京,北京,通州区永顺（地区）镇 永顺镇(除高风险区外的其他地区)
北京,北京,大兴区长子营镇 长子营镇（除高风险区外的其他区域）
北京,北京,房山区周口店镇（除高风险区外的其他地区）
北京,北京,房山区拱辰街道（除高风险区外的其他地区）
北京,北京,顺义区杨镇(地区)镇 杨镇(除高风险区以外的区域)
北京,北京,顺义区南彩镇 南彩镇(除高风险区以外的区域)
北京,北京,顺义区木林镇 木林镇(除高风险区以外的区域)
北京,北京,顺义区李遂镇 李遂镇(除高风险区以外的区域)
北京,北京,顺义区天竺(地区)镇 天竺镇(除高风险区以外的区域)
北京,北京,朝阳区朝外街道 朝外街道(除高风险区外的其他地区)
北京,北京,石景山区古城街道 古城街道(除高风险区外的其他地区)
北京,北京,通州区西集镇 西集镇(除高风险区外的其他地区)
北京,北京,通州区宋庄镇 宋庄镇(除高风险区外的其他地区)
北京,北京,通州区潞城镇 潞城镇(除高风险区外的其他地区)
北京,北京,昌平区小汤山镇（除高风险区外的其他地区）
北京,北京,丰台区马家堡街道马家堡街道（除高风险区外的其他地区）
北京,北京,丰台区和义街道和义街道（除高风险区外的其他地区）
北京,北京,大兴区青云店镇 青云店镇（除高风险区外的其他区域）
北京,北京,大兴区安定镇 安定镇（除高风险区外的其他区域）
北京,北京,顺义区北小营镇(除高风险区以外的区域)
北京,北京,房山区阎村镇 阎村镇（除高风险区外的其他地区）
北京,北京,大兴区礼贤镇 礼贤镇（除高风险区外的其他区域）
北京,北京,大兴区庞各庄镇 庞各庄镇（除高风险区外的其他区域）
北京,北京,顺义区马坡(地区)镇 马坡镇(除高风险区以外的区域)
北京,北京,顺义区仁和(地区)镇 仁和镇(除高风险区以外的区域)
北京,北京,怀柔区泉河街道（除高风险区外其他地区）
北京,北京,通州区通运街道 通运街道(除高风险区外的其他地区)
北京,北京,通州区玉桥街道 玉桥街道(除高风险区外的其他地区)
北京,北京,丰台区北宫镇北宫镇（除高风险区外的其他地区）
北京,北京,丰台区看丹街道看丹街道（除高风险区外的其他地区）
北京,北京,丰台区石榴庄街道石榴庄街道（除高风险区外的其他地区）
北京,北京,丰台区成寿寺街道成寿寺街道（除高风险区外的其他地区）
北京,北京,丰台区六里桥街道六里桥街道（除高风险区外的其他地区）
北京,北京,丰台区五里店街道五里店街道（除高风险区外的其他地区）
北京,北京,丰台区玉泉营街道玉泉营街道（除高风险区外的其他地区）
北京,北京,丰台区花乡街道花乡街道（除高风险区外的其他地区）
北京,北京,丰台区西罗园街道西罗园街道（除高风险区外的其他地区）
北京,北京,丰台区右安门街道右安门街道（除高风险区外的其他地区）
北京,北京,丰台区大红门街道大红门街道（除高风险区外的其他地区）
北京,北京,丰台区太平桥街道太平桥街道（除高风险区外的其他地区）
北京,北京,丰台区方庄街道方庄街道（除高风险区外的其他地区）
北京,北京,丰台区卢沟桥街道卢沟桥街道（除高风险区外的其他地区）
北京,北京,丰台区东铁匠营街道东铁匠营街道（除高风险区外的其他地区）
北京,北京,丰台区长辛店街道长辛店街道（除高风险区外的其他地区）
北京,北京,丰台区南苑街道南苑街道（除高风险区外的其他地区）
北京,北京,丰台区新村街道新村街道（除高风险区外的其他地区）
北京,北京,丰台区丰台街道丰台街道（除高风险区外的其他地区）
北京,北京,朝阳区双井街道 双井街道(除高风险区外的其他地区)
北京,北京,朝阳区三里屯街道 三里屯街道(除高风险区外的其他地区)
北京,北京,朝阳区管庄(地区)乡 管庄乡(除高风险区外的其他地区)
北京,北京,朝阳区小关街道 小关街道(除高风险区外的其他地区)
北京,北京,朝阳区左家庄街道 左家庄街道(除高风险区外的其他地区)
北京,北京,朝阳区垡头街道 垡头街道(除高风险区外的其他地区)
北京,北京,朝阳区和平街街道 和平街街道(除高风险区外的其他地区)
北京,北京,朝阳区酒仙桥街道 酒仙桥街道(除高风险区外的其他地区)
北京,北京,朝阳区八里庄街道 八里庄街道(除高风险区外的其他地区)
北京,北京,朝阳区首都机场街道 机场街道(除高风险区外的其他地区)
北京,北京,朝阳区团结湖街道 团结湖街道(除高风险区外的其他地区)
北京,北京,朝阳区安贞街道 安贞街道(除高风险区外的其他地区)
北京,北京,朝阳区望京街道 望京街道(除高风险区外的其他地区)
北京,北京,朝阳区香河园街道 香河园街道(除高风险区外的其他地区)
北京,北京,朝阳区潘家园街道 潘家园街道(除高风险区外的其他地区)
北京,北京,朝阳区建外街道 建外街道(除高风险区外的其他地区)
北京,北京,朝阳区劲松街道 劲松街道(除高风险区外的其他地区)
北京,北京,朝阳区亚运村街道 亚运村街道(除高风险区外的其他地区)
北京,北京,朝阳区东风(地区)乡 东风乡(除高风险区外的其他地区)
北京,北京,朝阳区六里屯街道 六里屯街道(除高风险区外的其他地区)
北京,北京,朝阳区麦子店街道 麦子店街道(除高风险区外的其他地区)
北京,北京,朝阳区高碑店(地区)乡 高碑店乡(除高风险区外的其他地区)
北京,北京,朝阳区王四营(地区)乡 王四营乡(除高风险区外的其他地区)
北京,北京,朝阳区南磨房(地区)乡 南磨房乡(除高风险区外的其他地区)
北京,北京,朝阳区小红门(地区)乡 小红门乡(除高风险区外的其他地区)
北京,北京,朝阳区十八里店(地区)乡 十八里店乡(除高风险区外的其他地区)
北京,北京,朝阳区平房(地区)乡 平房乡(除高风险区外的其他地区)
北京,北京,朝阳区东坝(地区)乡 东坝乡(除高风险区外的其他地区)
北京,北京,朝阳区金盏(地区)乡 金盏乡(除高风险区外的其他地区)
北京,北京,朝阳区太阳宫(地区)乡 太阳宫乡(除高风险区外的其他地区)
北京,北京,朝阳区大屯街道 大屯街道(除高风险区外的其他地区)
北京,北京,朝阳区奥运村街道 奥运村街道(除高风险区外的其他地区)
北京,北京,朝阳区来广营(地区)乡 来广营乡(除高风险区外的其他地区)
北京,北京,朝阳区将台(地区)乡 将台乡(除高风险区外的其他地区)
北京,北京,朝阳区崔各庄(地区)乡 崔各庄乡(除高风险区外的其他地区)
北京,北京,朝阳区黑庄户(地区)乡 黑庄户乡(除高风险区外的其他地区)
北京,北京,朝阳区豆各庄(地区)乡 豆各庄乡(除高风险区外的其他地区)
北京,北京,朝阳区三间房(地区)乡 三间房乡(除高风险区外的其他地区)
北京,北京,朝阳区常营乡 常营乡(除高风险区外的其他地区)
北京,北京,朝阳区孙河(地区)乡 孙河乡(除高风险区外的其他地区)
北京,北京,朝阳区东湖街道 东湖街道(除高风险区外的其他地区)
北京,北京,石景山区老山街道 老山街道(除高风险区外的其他地区)
北京,北京,石景山区鲁谷街道 鲁谷街道(除高风险区外的其他地区)
北京,北京,顺义区高丽营镇 高丽营镇(除高风险区域外的区域)
北京,北京,顺义区后沙峪(地区)镇 后沙峪镇(除高风险区以外的区域)
北京,北京,顺义区南法信(地区)镇 南法信镇(除高风险区以外的区域)
北京,北京,顺义区胜利街道 胜利街道(除高风险区以外的区域)
北京,北京,顺义区光明街道 光明街道(除高风险区以外的区域)
北京,北京,顺义区石园街道 石园街道(除高风险区以外的区域)
北京,北京,顺义区双丰街道 双丰街道(除高风险区以外的区域)
北京,北京,顺义区空港街道 空港街道(除高风险区以外的区域)
北京,北京,大兴区西红门（地区）镇 西红门镇（除高风险区外的其他区域）
北京,北京,大兴区清源街道 清源街道（除高风险区外的其他区域）
北京,北京,大兴区观音寺街道 观音寺街道（除高风险区外的其他区域）
北京,北京,大兴区天宫院街道 天宫院街道（除高风险区外的其他区域）
北京,北京,大兴区高米店街道 高米店街道（除高风险区外的其他区域）
河北,唐山,滦州市除高风险区外的其他区域
河北,唐山,古冶区除以高风险区以外的其他区域
河北,唐山,路南区除高风险区外的其他区域
河北,唐山,乐亭县除高风险区以外的其他区域
河北,唐山,高新区除以高风险区域以外的其他区域
河北,唐山,迁安市除高风险区域以外的其他区域
河北,秦皇岛,海港区除高风险区以外的其他地区
河北,秦皇岛,海港区柳村二场行车公寓所在院区
河北,秦皇岛,山海关区除高风险区以外的其他区域
河北,秦皇岛,青龙满族自治县（除高风险区以外的其他地区）
河北,秦皇岛,海港区森林逸城C区12栋1单元
河北,秦皇岛,海港区燕山大街街道生态谷小区26栋2单元；
河北,秦皇岛,海港区华莱士（东大店）
河北,秦皇岛,海港区秦皇小区62栋4单元
河北,秦皇岛,抚宁区辖区内除高风险区以外的其他区域
河北,秦皇岛,海港区幸福里小区
河北,秦皇岛,海港区在水一方A区9栋1单元
河北,秦皇岛,海港区秦东公寓
河北,秦皇岛,海港区秦皇小区36栋至78栋
河北,秦皇岛,海港区在水一方A区（除高风险以外的其他地区）
河北,秦皇岛,海港区明珠百货商场
河北,秦皇岛,经济技术开发区辖区内除高风险区以外的其他区域
河北,秦皇岛,海港区燕海里1、2、3栋
河北,秦皇岛,海港区万象城3号楼
河北,秦皇岛,海港区燕西里31栋
河北,秦皇岛,海港区原麦时光滨海城店
河北,秦皇岛,海港区添鑫超市煤港里社区店
河北,秦皇岛,海港区港城市场东侧服装小商品市场
河北,秦皇岛,海港区煤厂小区9栋2单元、3单元、4单元、5单元
河北,秦皇岛,海港区湾海一号3号楼
河北,秦皇岛,海港区汤河铭筑9栋
河北,秦皇岛,海港区奥体中心海斯曼健身中心
河北,秦皇岛,海港区森林逸城D区11栋
河北,秦皇岛,海港区吉家物业服务有限公司
河北,秦皇岛,海港区滨海城小区4栋1单元
河北,秦皇岛,海港区工人南里17栋3单元
河北,秦皇岛,海港区秦皇小区除36栋至78栋以外区域
河北,秦皇岛,海港区山东里小区
河北,秦皇岛,海港区新北里小区
河北,秦皇岛,海港区好日子超市
河北,秦皇岛,海港区秦皇岛市卫生学校
河北,秦皇岛,海港区文化路街道兰乔护肤造型；
河北,秦皇岛,海港区海港镇易捷快捷酒店；
河北,秦皇岛,海港区大秦铁路秦东运用车间
河北,秦皇岛,海港区供销大厦
河北,秦皇岛,海港区西港镇如家商旅酒店（燕山大学茂业中心店）；
河北,秦皇岛,海港区上城汤廷小区12栋1单元
河北,秦皇岛,海港区蜜雪冰城（东北大学店）
河北,秦皇岛,海港区上城汤廷小区
河北,秦皇岛,海港区燕海里市场
河北,秦皇岛,海港区汇宾饭店所在楼宇
河北,秦皇岛,海港区燕海里10、11、12、19、23、25、-10、-11栋
河北,秦皇岛,海港区燕海东里23、24、28、30、36、37、38、39、40、41、44、47、48、49、50、51、52、53栋
河北,秦皇岛,北戴河区牛头崖镇贲庄村
河北,秦皇岛,海港区新春路1号
河北,秦皇岛,卢龙县除高风险区以外的其他地区
河北,秦皇岛,海港区太阳城管委会兴龙广缘生活广场（太阳城店）。
河北,秦皇岛,卢龙县刘田各庄镇后上庄村
河北,秦皇岛,卢龙县木井镇木井村
河北,秦皇岛,海港区滨海城小区1-56栋、57栋1单元、57栋3单元、58—68栋
河北,秦皇岛,海港区金路苑小区7栋
河北,秦皇岛,海港区桥东南里铁路平房32号
河北,秦皇岛,海港区中国民生银行（海阳路支行）
河北,秦皇岛,海港区文体东里4栋
河北,秦皇岛,海港区艾欣超市港城店
河北,秦皇岛,海港区哈喽精品鲜果仓储环岛店
河北,秦皇岛,北戴河区辖区内除高风险区以外的其他区域
河北,秦皇岛,海港区 燕阳里24栋
河北,秦皇岛,海港区秦楚报考中心(三中店)
河北,秦皇岛,海港区红旗路24号梵时光
河北,秦皇岛,海港区东华里小区8栋
河北,秦皇岛,海港区红旗路233号
河北,秦皇岛,海港区耀华老村东段11栋
河北,秦皇岛,海港区迎宾路89号
河北,秦皇岛,海港区临河里45栋
河北,秦皇岛,海港区八一里8栋1单元、2单元
河北,秦皇岛,海港区海怡学府9栋1单元
河北,石家庄,长安区跃进街道上东城南区8号楼
河北,石家庄,裕华区（除高风险区以外的其他地区）
河北,石家庄,新华区（除高风险区以外的其他地区）
河北,石家庄,正定县（除高风险区以外的其他区域）
河北,石家庄,藁城区（除高风险区以外的其他区域）
河北,石家庄,长安区河东街道81号院4号楼2单元、11号楼1单元
河北,石家庄,鹿泉区（除高风险区以外的其他地区）
河北,石家庄,无极县（除高风险区以外的其他区域）
河北,石家庄,栾城区（除高风险区以外的其他地区）
河北,石家庄,长安区（除高风险区域外的其他地区）
河北,石家庄,正定县新安镇南王庄村
河北,石家庄,鹿泉区上庄镇大宋楼村东南片区
河北,石家庄,鹿泉区上庄镇龙泉花园东区27号楼2单元
河北,石家庄,新华区石岗街道柏林北区13号楼3单元
河北,石家庄,长安区胜北街道国粹小区2号楼
河北,石家庄,裕华区裕强街道新天地自然康城小区22、25号楼
河北,石家庄,新华区大郭街道聚和苑西区1号楼
河北,石家庄,长安区河东街道一印宿舍9号楼
河北,石家庄,桥西区（除高风险区以外的其他地区）
河北,石家庄,裕华区槐底街道体育大街道桥宿舍6号楼3单元（体育南大街209号）
河北,石家庄,正定县新城铺镇新城铺村
河北,石家庄,正定县正定镇壹江城小区9号楼3单元
河北,石家庄,裕华区裕华路街道水文地质勘察院宿舍3号楼2单元
河北,石家庄,长安区胜北街道庄窠小区34号楼
河北,石家庄,鹿泉区寺家庄镇南降壁村祥平里、建东街西三排、建东街东十二排区域
河北,石家庄,鹿泉区寺家庄镇拾里洋房15号楼1单元
河北,石家庄,高新区（除高风险区域外的其他区域）
河北,石家庄,长安区胜北街道石家庄铁道大学家属院12、20、30号楼
河北,石家庄,长安区阜康街道七四二零南苑小区3号楼
河北,石家庄,循环化工园区（除高风险区以外的其他地区）
河北,石家庄,长安区西兆通镇御江景城13号楼
河北,石家庄,长安区胜北街道石纺小区25号楼
河北,石家庄,长安区高营镇瀚唐一期3号楼1单元、三期15号楼1单元、保障房42号楼
河北,石家庄,长安区桃园镇国际总部花园1号楼
河北,石家庄,长安区河东街道河纺北大院2号楼
河北,石家庄,长安区谈固街道金谈固家园月坛园8、12号楼、地坛园14号楼2单元、日坛园1号楼2单元
河北,石家庄,长安区建北街道万科紫郡除8、9号楼以外区域
河北,石家庄,正定县曲阳桥镇南白店村
河北,石家庄,长安区建安街道燕都花园3号楼3单元、5号楼4单元
河北,石家庄,长安区谈固街道谈固新村2排9号
河北,石家庄,正定县正定镇西邢家庄村
河北,石家庄,长安区长丰街道天洲沁园小区1号楼
河北,石家庄,长安区桃园镇都市怡景小区6号楼、16号楼、17号楼、23号楼
河北,石家庄,桥西区联邦外国语学校
河北,石家庄,裕华区裕华路街道青园小区71号楼3单元、86号楼1单元
河北,石家庄,长安区育才街道宝石电子集团宿舍4号楼1单元
河北,石家庄,长安区阜康街道石府二区
河北,石家庄,长安区谈固街道瑞府小区1、2、3、4、12、13号楼
河北,石家庄,新华区石岗街道柏林北区
河北,石家庄,新华区赵陵铺路街道碧华园3号楼2单元、5号楼4单元
河北,石家庄,长安区广安街道广安大厦西单元
河北,石家庄,新华区赵陵铺路街道新苑小区9、42号楼
河北,石家庄,长安区胜北街道南屏园7号楼
河北,石家庄,桥西区长兴街道华柴西王生活区201栋1单元、206栋2单元
河北,石家庄,新华区天苑街道水尚嘉苑1号楼1单元
河北,石家庄,桥西区红旗街道河北工业职业技术大学
河北,石家庄,长安区青园街道汇景家园棉二生活区3号楼1单元、7号楼3单元、16号楼、33号楼1单元、38号楼2单元、53号楼4单元
河北,石家庄,长安区建安街道荣景园除14号楼以外区域
河北,石家庄,长安区西兆通镇南石新村2号楼
河北,石家庄,长安区广安街道棉三生活区53号楼3单元
河北,石家庄,长安区阜康街道铁九宿舍 1号楼
河北,石家庄,新华区大郭街道岳泰明珠6号楼2单元
河北,石家庄,长安区长丰街道谈安南区6号楼
河北,石家庄,长安区广安街道冠诚苑2号楼1单元
河北,石家庄,长安区长丰街道紫晶悦城2号地10号楼1单元、11号楼1单元，7号地1号楼1单元、2、3号楼，9号地2号楼、8号楼2单元，12号地2号楼1单元、6号楼1单元，16号地1号楼2单元、3号楼
河北,石家庄,长安区阜康街道栗胜路24号院、26号院
河北,石家庄,新华区大郭街道水印城2、10号楼
河北,石家庄,裕华区东苑街道槐北路粮油所小区4号楼
河北,石家庄,正定县南岗镇江南鸿郡小区
河北,石家庄,桥西区西里街道尚品佳苑北区10号楼
河北,石家庄,桥西区留营街道相聚园饭店
河北,石家庄,新华区大郭街道秀玉小区2号楼
河北,石家庄,桥西区留营街道良城逸园小区
河北,石家庄,裕华区方村镇方兴小区225号楼2单元
河北,石家庄,桥西区红旗街道河北师范大学附属民族学院
河北,石家庄,长安区阜康街道乔氏国际台球俱乐部
河北,石家庄,长安区青园街道范西路邮专宿舍3号楼1单元
河北,石家庄,长安区建安街道中基礼域8号楼2单元、18号楼2单元、21号楼1、2单元、26号楼2单元、28号楼2单元
河北,石家庄,桥西区留营街道西简良中区7栋4号楼
河北,石家庄,裕华区裕华路街道祥龙花园14号楼5单元
河北,石家庄,裕华区裕兴街道联邦空中花园小区2号楼
河北,石家庄,长安区长丰街道北城国际C区6、7号楼
河北,石家庄,新华区石岗街道柏林北区10号楼4单元
河北,石家庄,长安区桃园镇都市怡景小区除6号楼、16号楼、17号楼、23号楼以外区域
河北,石家庄,裕华区裕东街道中城蓝溪谷7号楼3单元
河北,石家庄,新华区赵佗路街道鑫城小区9号楼1单元
河北,石家庄,长安区高营镇龙溪城16号楼2单元
河北,石家庄,长安区建安街道荣景园9号楼、21号楼1单元
河北,石家庄,裕华区裕强街道位同新村西区9号楼2单元、13号楼1单元、14号楼1单元
河北,石家庄,长安区长丰街道北城国际A区11号楼
河北,石家庄,新华区杜北街道西营上水园13号楼2单元、19号楼3单元、19号楼4单元、20号楼3单元
河北,石家庄,长安区谈固街道瑞城A区5号楼1单元、6号楼2单元、C区3号楼1单元、6号楼1单元
河北,石家庄,裕华区裕华路街道东岗怡园西区28号楼1单元
河北,石家庄,长安区桃园镇古运码头二期5号楼
河北,石家庄,长安区桃园镇聚鑫园社区2号楼、6号楼、8号楼、12号楼、14号楼
河北,石家庄,裕华区裕强街道位同新村东区11号楼1单元、16号楼1单元
河北,石家庄,长安区桃园镇铂宫时代东区、西区
河北,石家庄,正定县诸福屯街道办南圣板村
河北,石家庄,新华区赵陵铺路街道世纪康城16、20号楼
河北,石家庄,长安区中山东路街道勒泰A座
河北,石家庄,长安区育才街道元泰嘉园4号楼3单元
河北,石家庄,长安区广安街道经编联合宿舍12号楼1单元
河北,石家庄,长安区胜北街道石纺小区一区、二区、三区、四区
河北,石家庄,长安区跃进街道和华家园2、3号楼
河北,石家庄,长安区南村镇南村社区西北大街片区
河北,石家庄,新华区杜北街道前杜北小区49号楼1单元
河北,石家庄,长安区阜康街道栗胜路面粉厂宿舍1号楼
河北,石家庄,新华区赵佗路街道赵二街花苑小区1、3、10号楼
河北,石家庄,长安区胜北街道化肥四区15号楼
河北,石家庄,长安区河东街道星河盛世5号楼1单元
河北,石家庄,新华区新华路街道北后东区14、15、18号楼
河北,石家庄,裕华区裕华路街道河北日报社生活小区宿舍3、8号楼
河北,石家庄,裕华区裕强街道卓东小区9号楼4单元
河北,石家庄,新华区赵陵铺路街道苏秀苑小区3号楼1、2单元
河北,石家庄,新华区赵陵铺路街道锦绣乾城3号楼1单元、4号楼1单元
河北,石家庄,长安区胜北街道国瑞园除西片、北片以外区域
河北,石家庄,长安区桃园镇荣昌西花园5号楼
河北,石家庄,新华区天苑街道天苑小区B2号楼1单元、C4号楼2单元、C12号楼1单元、G7号楼5单元、D8号楼4单元、B10号楼3单元
河北,石家庄,长安区高营镇恒大御景半岛一期7号楼1单元
河北,石家庄,新华区赵佗路街道华瑞苑小区
河北,石家庄,裕华区裕华路街道省博物馆宿舍2号楼3、4单元（青园街264号）
河北,石家庄,长安区胜北街道铁道大学家属院12号楼
河北,石家庄,裕华区裕强街道碧溪尊苑小区1号楼1单元
河北,石家庄,新华区赵佗路街道明珠花苑小区2、8、11、15、20号楼
河北,石家庄,长安区育才街道碧景园小区除6、10、14号楼外的其他区域
河北,石家庄,长安区河东街道尚达家园4号楼1单元
河北,石家庄,裕华区建通街道盛邦一期西区5号楼1单元
河北,石家庄,裕华区裕华路街道3302小区5号楼5单元、19号楼2单元
河北,石家庄,裕华区裕华路街道东岗怡园12号楼2单元、18号楼3单元、25号楼2单元
河北,石家庄,长安区中山东路街道新源燕府2号楼
河北,石家庄,新华区宁安街道车辆厂四宿舍22号楼1单元
河北,石家庄,新华区南高基社区和平里、汇丰街
河北,石家庄,长安区跃进街道简筑家园4号楼1单元
河北,石家庄,长安区西兆通镇观天下小区除6号楼1单元、1号楼3单元、15号楼2单元以外区域
河北,石家庄,桥西区留营街道联邦外国语学校
河北,石家庄,裕华区裕华路街道电信局宿舍（东风路218号）1号楼2单元
河北,石家庄,长安区高营镇劳技小区1号楼
河北,石家庄,长安区高营镇南高营回迁二区13号楼
河北,石家庄,长安区建安街道荣景园14号楼、21号楼（除1单元）
河北,石家庄,长安区建安街道中基礼域15号楼
河北,石家庄,长安区建北街道新浩城北区1号楼
河北,石家庄,长安区建北街道尚乘源6号楼
河北,石家庄,长安区建北街道房管所宿舍1号楼
河北,石家庄,新华区新华路街道美麟花园1、6号楼
河北,石家庄,新华区杜北街道御江南小区35、39号楼
河北,石家庄,新华区杜北街道香水岸3、4、10号楼
河北,石家庄,裕华区裕华路街道青园小区83号楼4单元
河北,石家庄,桥西区友谊街道市场园西园
河北,石家庄,长安区河东街道谈固小区78号楼1单元
河北,石家庄,新华区联盟街道高柱小区54号楼3单元
河北,石家庄,新华区宁安街道信通花园1号楼3单元
河北,石家庄,新华区联盟街道宏基花园A座
河北,石家庄,正定县新城铺镇西咬村
河北,石家庄,裕华区东苑街道省直宿舍2号楼4单元
河北,石家庄,长安区建安街道御景园小区1号楼1单元、2单元
河北,石家庄,长安区西兆通镇石铝小区1号楼4单元、2号楼2单元
河北,石家庄,长安区西兆通镇鑫龙湾小区3号楼3单元
河北,石家庄,长安区胜北街道庄窠小区一号路、二号路、三号路、四号路
河北,石家庄,长安区广安街道官鲤公寓3号楼1单元
河北,石家庄,长安区高营镇上河湾小区
河北,石家庄,长安区南三条市场
河北,石家庄,新华区杜北街道润佳花园小区17、18号楼
河北,石家庄,新华区石岗街道柏林北区12号楼1单元
河北,石家庄,新华区石岗街道柏林怡园小区
河北,石家庄,新华区杜北街道乾园小区
河北,石家庄,长安区建安街道御景园小区1号楼3、4单元、4号楼1单元
河北,石家庄,鹿泉区获鹿镇蓝湾半岛小区
河北,石家庄,长安区河东街道河纺小区北区27号楼2单元、3单元、33号楼3单元、37号楼2单元
河北,石家庄,长安区谈固街道白佛村1988号、西环路4排11号
河北,石家庄,裕华区槐底街道市卫生防疫站宿舍1号楼2单元（槐岭路34号）
河北,石家庄,长安区桃园镇聚鑫园社区除2号楼、6号楼、8号楼、12号楼、14号楼以外区域
河北,石家庄,新华区赵陵铺路街道赵一街西区
河北,石家庄,长安区建安街道御景园2号楼3单元、3号楼3单元、8号楼2单元、9号楼2单元
河北,石家庄,长安区建北街道光华生活小区1号楼
河北,石家庄,裕华区裕强街道卓达书香园一区22号楼1单元
河北,石家庄,桥西区东风街道石门商务D座
河北,石家庄,新华区新华路街道宁安小区
河北,石家庄,桥西区南长街道东龙花园小区6号楼1单元
河北,石家庄,长安区胜北街道汽制宿舍6号楼
河北,石家庄,长安区育才街道金华小区3号楼4单元
河北,石家庄,长安区跃进街道冀兴尊园12号楼1单元
河北,石家庄,长安区高营镇南高营回迁区
河北,石家庄,新华区赵陵铺路街道北郡C区6、9、12号楼
河北,石家庄,长安区长丰街道沿西小区16号楼
河北,石家庄,新华区大郭街道国源和天下8号楼
河北,石家庄,裕华区建通街道现代城小区7号楼
河北,石家庄,新华区杜北街道南高基小区
河北,石家庄,裕华区建通街道碧水青园小区16号楼
河北,石家庄,裕华区裕东街道保利茉莉公馆6号楼1单元
河北,石家庄,长安区阜康街道市政公司宿舍4号楼
河北,石家庄,长安区阜康街道社保局宿舍1号楼
河北,石家庄,长安区阜康街道神州嘉园15号楼
河北,石家庄,长安区高营镇北高营新村高层8号楼
河北,石家庄,裕华区东苑街道河北师范大学中院教职工宿舍1号楼5单元
河北,石家庄,新华区赵佗路街道赵二街小区
河北,石家庄,高新区长江街道小岗上新村19号楼
河北,石家庄,长安区青园街道市人民医院宿舍2号楼3单元
河北,石家庄,长安区高营镇西古城新区5号楼4单元、东区4号楼1单元
河北,石家庄,长安区建安街道动力厂二宿舍2号楼、6号楼、4号楼4单元、7号楼2单元
河北,石家庄,长安区阜康街道神州嘉园2、9、13、15、18、26、27号楼
河北,石家庄,长安区广安街道谈南路一印宿舍6号楼1单元
河北,石家庄,长安区青园街道范西路新华书店宿舍3号楼1单元
河北,石家庄,正定县北关景城2号楼2单元
河北,石家庄,新华区赵陵铺路街道丽都河畔12、18、19号楼
河北,石家庄,长安区高营镇北高营新村13号楼
河北,石家庄,新华区赵陵铺路街道锦绣乾城1号楼3单元
河北,石家庄,正定县南岗镇上水屯村
河北,石家庄,新华区赵陵铺路街道北郡B区2、4、9号楼
河北,石家庄,正定县曲阳桥镇鑫源名邸2号楼1单元
河北,石家庄,新华区赵陵铺路街道赵一街东区10号楼1单元
河北,石家庄,新华区赵陵铺路街道北郡B区19号楼1单元
河北,石家庄,新华区赵陵铺路街道锦绣乾城4号楼2单元
河北,石家庄,长安区河东街道水泵厂宿舍西院10号楼2单元、15号楼2单元
河北,石家庄,长安区长丰街道祈福悦城B区3号楼1单元、6号楼1单元
河北,石家庄,长安区河东街道建行宿舍1号楼1单元
河北,石家庄,长安区阜康街道河北银行宿舍1号楼、2号楼
河北,石家庄,长安区育才街道省二建宿舍2号楼4单元
河北,石家庄,长安区谈固街道银龙北10号楼2单元、33号楼3单元
河北,石家庄,长安区长丰街道沿东小区41号楼
河北,石家庄,长安区长丰街道保利花园D区3号楼
河北,石家庄,长安区长丰街道保利花园D区2号楼2单元、7号楼2单元
河北,石家庄,长安区长丰街道祈福悦城A区2号楼
河北,石家庄,长安区长丰街道保利花园F区1号楼1单元
河北,石家庄,长安区长丰街道沿西小区9号楼1单元
河北,石家庄,长安区长丰街道福华家园1、4号楼
河北,石家庄,桥西区友谊街道恩济里6号楼
河北,石家庄,正定县新安镇李家庄村
河北,石家庄,新华区杜北街道乾园小区9号楼
河北,石家庄,长安区长丰街道北城国际B区1、8、9、14号楼
河北,石家庄,长安区中山东路街道银宏花苑2号楼1单元
河北,石家庄,长安区建安街道棉五小区北区40号楼2单元、41号楼1单元
河北,石家庄,长安区青园街道谈阁北区园东苑1号楼3单元、3号楼、9号楼1单元
河北,石家庄,长安区桃园镇铂宫时代2号楼
河北,石家庄,长安区跃进街道书香华苑9号楼1单元
河北,石家庄,长安区广安街道荣盛华府A区3号楼、D区5号楼一单元
河北,石家庄,长安区广安街道谈南路一印宿舍8号楼、8号楼南侧平房
河北,石家庄,长安区广安街道棉三生活区33号楼4单元
河北,石家庄,长安区胜北街道石泵宿舍2号楼、10号楼、14号楼
河北,石家庄,长安区胜北街道国瑞园西片、北片
河北,石家庄,长安区胜北街道化肥四区（东柳路）南区、北区
河北,石家庄,正定县新城铺镇小邯村
河北,石家庄,长安区阜康街道市政公司宿舍5号楼
河北,石家庄,长安区胜北街道东诚小区1号楼、3号楼2单元、8号楼
河北,石家庄,鹿泉区上庄镇龙泉花园小区（西区）6号楼
河北,石家庄,鹿泉区上庄镇龙泉花园小区（西区）除6号楼以外的其他楼宇
河北,石家庄,桥西区西里街道宝曼家园4号楼3单元
河北,石家庄,长安区桃园镇柳董庄南区
河北,石家庄,长安区桃园镇柳董府邸B区、C区
河北,石家庄,裕华区东苑街道省直东苑小区北院1号楼
河北,石家庄,桥西区红旗街道七金苑小区2号楼1单元
河北,石家庄,正定县滨河悦秀1号楼1单元
河北,石家庄,桥西区南长街道发源小区北区1号楼3单元
河北,石家庄,长安区谈固街道白佛村兴宁寺街以西集市大街以北片区
河北,石家庄,长安区青园街道冶金宿舍1号楼3单元
河北,石家庄,长安区中山东路街道银宏花苑4、11号楼、16号楼9单元
河北,石家庄,高新区太行街道太行嘉苑6号楼
河北,石家庄,长安区高营镇北城山水1号楼1单元
河北,石家庄,长安区谈固街道建明小区
河北,石家庄,长安区谈固街道银龙南区
河北,石家庄,长安区谈固街道瑞城E区
河北,石家庄,长安区谈固街道瑞景华庭小区
河北,石家庄,长安区谈固街道华宸怡园小区
河北,石家庄,长安区高营镇龙溪城小区
河北,石家庄,长安区高营镇瀚唐小区
河北,石家庄,长安区高营镇西古城小区
河北,石家庄,长安区桃园镇北部时光小区
河北,石家庄,长安区桃园镇柳辛庄旧村
河北,石家庄,长安区阜康街道鑫利时间国际
河北,石家庄,新华区赵陵铺路街道北郡A区
河北,石家庄,桥西区留营街道幸福城B区5号楼
河北,石家庄,桥西区留营街道鑫泽苑2号楼
河北,石家庄,桥西区苑东街道东胜紫御府4号地块1号楼
河北,石家庄,桥西区西里街道雅馨苑南区7号楼4单元
河北,石家庄,桥西区东风街道平安小区30号楼2单元
河北,石家庄,长安区育才街道华药一区10号楼
河北,石家庄,裕华区建华南街道风尚水郡北区3号楼
河北,石家庄,裕华区建通街道盛邦花园五区6号楼
河北,石家庄,裕华区裕东街道银通小区园艺园4号楼
河北,石家庄,桥西区友谊街道工商银行印刷厂宿舍2号楼
河北,石家庄,长安区桃园镇恒立苑小区13号楼
河北,石家庄,长安区桃园镇陈章小区7号楼
河北,石家庄,长安区胜北街道国瑞园北区1号楼
河北,石家庄,长安区跃进街道盛世长安小区10号楼
河北,石家庄,长安区谈固街道瑞府小区12号楼
河北,石家庄,长安区谈固街道融通财金大厦
河北,石家庄,长安区长丰街道北城国际小区B区14号楼
河北,石家庄,长安区高营镇山水家园小区A座
河北,石家庄,长安区谈固街道白佛家园小区7号楼
河北,石家庄,长安区建安街道荣景园2号楼、11号楼2单元、15号楼1单元、16号楼3单元、22号楼2单元
河北,石家庄,新华区大郭街道国源和天下5号楼2单元
河北,石家庄,长安区建北街道谈后小区1、2、7、12、13、14、15、18号楼
河北,石家庄,长安区西兆通镇水木青城21号楼1单元
河北,石家庄,长安区西兆通镇北城公馆B座1单元、2单元
河北,石家庄,桥西区留营街道南简良17号楼1单元
河北,石家庄,长安区高营镇山水家园B座2单元、30号楼5单元、35号楼4单元
河北,石家庄,长安区建安街道荣景园14号楼、21号楼2单元
河北,石家庄,长安区桃园镇绿源小区10号楼3单元
河北,石家庄,长安区桃园镇都市怡景小区北区
河北,石家庄,长安区长丰街道天洲沁园小区1号楼、2号楼1单元、12号楼、13号楼
河北,石家庄,桥西区留营街道幸福城B区2号楼、4号楼
河北,石家庄,新华区赵陵铺路街道党家庄小区
河北,石家庄,桥西区汇通街道塔坛国际商贸城1号写字楼
河北,石家庄,长安区桃园镇荣昌西花园东片、西片
河北,石家庄,长安区桃园镇柳辛庄旧村村东、村西
河北,石家庄,新华区北苑街道钟秀花园2号楼2单元
河北,石家庄,长安区阜康街道平和里1号楼、4号楼、5号楼
河北,石家庄,长安区阜康街道中行宿舍4号楼
河北,石家庄,长安区河东街道乐城苑西区1号楼1单元、2单元
河北,石家庄,长安区广安街道名门社区9、10号楼
河北,石家庄,长安区育才街道元泰嘉园5号楼1单元
河北,石家庄,长安区育才街道金华北区3号楼3单元
河北,石家庄,长安区育才街道静和园1号楼1单元
河北,石家庄,长安区育才街道化肥三区22号楼4单元
河北,石家庄,长安区阜康街道明日郡4、6、7号楼
河北,石家庄,长安区阜康街道新阳小区1、2、5、9、10号楼
河北,石家庄,长安区阜康街道七四二零南苑小区3、4、5、7号楼
河北,石家庄,长安区阜康街道栗新小区回迁商品楼
河北,石家庄,长安区谈固街道瑞城C区7号楼
河北,石家庄,长安区南村镇南村社区育才街42号楼
河北,石家庄,长安区广安街道棉三生活区74号楼
河北,石家庄,长安区青园街道汇景家园棉二生活区16号楼
河北,石家庄,长安区西兆通镇观天下小区1号楼
河北,石家庄,长安区高营镇恒大御景半岛二期22号楼
河北,石家庄,长安区桃园镇柳董庄南区29号楼
河北,石家庄,长安区阜康街道明日郡4号楼
河北,石家庄,裕华区裕东街道银通小区园艺园宿舍2号楼
河北,石家庄,裕华区裕翔街道青年时光城4号楼
河北,石家庄,桥西区汇通街道华城绿洲一期6号楼
河北,石家庄,桥西区汇通街道凯旋城小区3号楼
河北,石家庄,桥西区南长街道天元小区5号楼
河北,石家庄,桥西区东里街道草场街9号环保厅宿舍2号楼
河北,石家庄,新华区赵佗路街道鑫城小区
河北,石家庄,长安区阜康街道石油公司宿舍1号楼
河北,石家庄,长安区阜康街道产权处宿舍1号楼
河北,石家庄,长安区阜康街道向阳胡同2号楼
河北,石家庄,桥西区长兴街道华普园四区6号楼
河北,石家庄,长安区长丰街道北城国际B区10号楼、15号楼、C区
河北,石家庄,长安区西兆通镇财富天下3号楼1单元、4号楼1单元
河北,石家庄,长安区西兆通镇航测生活区16号楼3单元
河北,石家庄,长安区阜康街道新阳小区7号楼
河北,石家庄,长安区南村镇大丰屯社区富利巷3号
河北,石家庄,长安区跃进街道卓达名郡西区1号楼4单元
河北,石家庄,裕华区裕强街道位同新村西区北1号楼2单元、4号楼1单元、多层4号楼4单元
河北,石家庄,长安区广安街道荣盛华府C区19号楼1单元
河北,石家庄,长安区长丰街道秋景怡园小区除西区6、11号楼以外区域
河北,石家庄,长安区长丰街道紫晶悦城小区除2号地10号楼1单元、11号楼1单元、7号地1号楼1单元、2、3号楼，9号地2号楼、8号楼2单元，12号地2号楼1单元、6号楼1单元、16号地1号楼2单元、3号楼以外区域
河北,石家庄,新华区石岗街道柏林北区29号楼1单元
河北,石家庄,新华区石岗街道柏林北区29号楼29号楼2单元
河北,石家庄,长安区跃进街道卓达明郡东区7号楼1单元
河北,石家庄,长安区建安街道建北小区1号楼2单元、3号楼3单元
河北,石家庄,长安区南村镇东塔口社区金华胡同1号
河北,石家庄,长安区南村镇吴家营社区团结路27号
河北,石家庄,长安区南村镇南村社区新南家园1号楼3单元
河北,石家庄,长安区西兆通镇天洲视界城D区1号楼2单元、6号楼2单元
河北,石家庄,长安区西兆通镇观天下1号楼3单元、6号楼1单元、15号楼2单元
河北,石家庄,裕华区方村镇贾村新村A区2号楼1单元
河北,石家庄,新华区天苑街道方达小区1号楼4单元
河北,石家庄,新华区杜北街道东营润佳花园小区5号楼1单元、10号楼1单元
河北,石家庄,新华区天苑街道弘石湾B2号楼3单元
河北,石家庄,新华区赵佗路街道安康花园小区1、2、3号楼
河北,石家庄,新华区赵佗路街道天域嘉园小区2、6、9号楼
河北,石家庄,长安区桃园镇肖家营小区15号楼
河北,石家庄,长安区桃园镇半岛名邸回迁区6号楼
河北,石家庄,长安区胜北街道柳阳佳园1号楼
河北,石家庄,长安区胜北街道顺柳巷4号院17号楼
河北,石家庄,长安区谈固街道东方魅力商住大厦1号楼
河北,石家庄,长安区高营镇东古城村高层1号楼
河北,石家庄,长安区广安街道棉四小区42号楼
河北,石家庄,长安区建安街道华平苑8号楼
河北,石家庄,长安区建北街道谈后小区6号楼
河北,石家庄,长安区建北街道花园小区A区7号楼
河北,石家庄,长安区育才街道碧景园小区6、10、14号楼
河北,石家庄,裕华区裕强街道安苑小区B、C区
河北,石家庄,裕华区建华南街道南焦新村牡丹园小区
河北,石家庄,裕华区裕兴街道保利拉菲公馆10号楼保障房
河北,石家庄,裕华区建通街道盛邦花园八区公租房小区2号楼
河北,石家庄,长安区胜北街道海光苑1号楼
河北,石家庄,长安区胜北街道南屏园1号楼1单元
河北,石家庄,长安区胜北街道西翠园3号楼3单元
河北,石家庄,长安区胜北街道义堂新村C区四号地2号楼
河北,石家庄,长安区胜北街道外贸宿舍3号楼、4号楼、7号楼3单元
河北,石家庄,长安区胜北街道顺柳巷4号院1号楼
河北,石家庄,长安区胜北街道沧建宿舍25栋5单元 
河北,石家庄,长安区建北街道北城国际南片
河北,石家庄,长安区建北街道云棠家园6号楼
河北,石家庄,长安区建北街道光华生活小区11号楼3单元、12号楼3单元、16号楼2单元
河北,石家庄,长安区建北街道新浩城北区3号楼2单元、10号楼3单元
河北,石家庄,长安区胜北街道义堂小区25号楼、26号楼、27号楼
河北,石家庄,长安区胜北街道汽制宿舍7号楼
河北,石家庄,长安区胜北街道溢香园7号楼
河北,石家庄,新华区杜北街道御江南小区37号楼1单元
河北,石家庄,新华区杜北街道陈村小区5号楼1单元
河北,石家庄,桥西区西里街道裕华区政府宿舍2号楼3单元
河北,石家庄,裕华区裕强街道卓达书香园一区16号楼1单元
河北,石家庄,正定县新安镇柳树科村
河北,石家庄,裕华区裕兴街道东王新村4号楼3单元
河北,石家庄,藁城区张家庄镇张家庄村
河北,石家庄,藁城区增村镇增村
河北,石家庄,新华区杜北街道经贸社区经贸家属院28号楼2单元
河北,石家庄,裕华区方村镇贾村新村B区12号楼2单元
河北,石家庄,长安区长丰街道沿东小区31号楼、2号楼2单元、4号楼、21号楼
河北,石家庄,桥西区彭后街道平安大街96号五所西院6号楼
河北,石家庄,桥西区汇通街道塔坛国际商贸城11号写字楼
河北,石家庄,桥西区苑东街道悦享天地商务楼
河北,石家庄,裕华区方村镇众美城廊桥四季B区15号楼2单元
河北,石家庄,长安区河东街道省四建高层1单元
河北,石家庄,长安区河东街道水泵厂宿舍东院4号楼1单元
河北,石家庄,长安区高营镇恒大御景半岛除25号楼以外区域
河北,石家庄,新华区赵陵铺路街道新苑南区
河北,石家庄,新华区杜北街道西营上水园17号楼
河北,石家庄,新华区杜北街道东营社区（阳光胡同、幸福东路、商贸一巷、商贸二巷）
河北,石家庄,新华区赵佗路街道红星国际2、7、11号楼
河北,石家庄,新华区赵佗路街道水墨紫庭6、7号楼
河北,石家庄,新华区东焦街道工行宿舍
河北,石家庄,新华区东焦街道市庄村（霞光街48号、旭光街46号、市庄路6号、大理寺胡同、兴民里胡同）
河北,石家庄,长安区育才街道医科大学宿舍17号楼3单元
河北,石家庄,长安区阜康街道自由港小区
河北,石家庄,长安区胜北街道石泵宿舍12号楼
河北,石家庄,长安区胜北街道胜利北街277号9号楼
河北,石家庄,长安区胜北街道银都花园2、8、28号楼
河北,石家庄,长安区谈固街道嘉和广场3号楼
河北,石家庄,长安区建安街道宏业花园2、10号楼
河北,石家庄,长安区建安街道动力厂二宿舍2号楼
河北,石家庄,长安区建北街道国赫红珊湾5、6、7号楼
河北,石家庄,长安区建北街道宏丰苑9号楼
河北,石家庄,长安区建北街道万科紫郡9号楼
河北,石家庄,长安区青园街道范华小区7号楼
河北,石家庄,长安区青园街道谈阁北区园东苑3号楼
河北,石家庄,长安区南村镇中塔口社区福华巷1号
河北,石家庄,长安区南村镇南村社区梨园街55号
河北,石家庄,长安区南村镇南中奉社区红旗路201号
河北,石家庄,长安区跃进街道石煤机一生活区24号楼
河北,石家庄,长安区跃进街道工商银行宿舍1号楼
河北,石家庄,长安区桃园镇水岸丽景1号楼
河北,石家庄,长安区桃园镇高远森林城5、8、15号楼
河北,石家庄,长安区桃园镇聚合港物流园
河北,石家庄,长安区阜康街道紫晶苑3A、3B、3C号楼
河北,石家庄,裕华区裕强街道国大全城小区6、18号楼
河北,石家庄,裕华区裕翔街道紫荆家园1号楼
河北,石家庄,裕华区建通街道青南小区23号楼乡政府宿舍
河北,石家庄,裕华区建通街道盛邦花园六区8号楼
河北,石家庄,裕华区槐底街道世纪花园小区东区10号楼（除2单元以外的区域）
河北,石家庄,裕华区槐底街道市工商局宿舍
河北,石家庄,裕华区槐底街道万达B1北区6号楼
河北,石家庄,桥西区留营街道创新天卉学校
河北,石家庄,桥西区留营街道南简良东区22、24号楼
河北,石家庄,桥西区东风街道石运小区3号楼
河北,石家庄,桥西区西里街道北杜旧村
河北,石家庄,桥西区东华街道天滋嘉鲤南区2号楼
河北,石家庄,新华区宁安街道铁路15宿舍
河北,石家庄,新华区石岗街道柏林庄第一生活区
河北,石家庄,新华区石岗街道柏林庄第二生活区
河北,石家庄,长安区胜北街道石家庄铁道大学家属院除12、20、30号楼以外区域
河北,石家庄,长安区胜北街道银都花园除2、8、28号楼以外区域
河北,石家庄,长安区建安街道宏业花园除2、10号楼以外区域
河北,石家庄,长安区建北街道国赫红珊湾除4、5、6、7号楼以外区域
河北,石家庄,长安区桃园镇高远森林城除5、8、15号楼以外区域
河北,石家庄,长安区阜康街道紫晶苑除3A、3B、3C号楼以外区域
河北,石家庄,裕华区裕翔街道海洋冷库水产市场
河北,石家庄,桥西区东华街道天滋嘉鲤南区1号楼、5号楼、6号楼、8号楼
河北,石家庄,桥西区东华街道中山华府玫瑰院
河北,石家庄,正定县南楼乡东里双村
河北,石家庄,裕华区裕华路街道水文地质勘察院宿舍7号楼1单元（青园街199号）
河北,石家庄,裕华区裕翔街道文河小区2号楼
河北,石家庄,裕华区建通街道蓝湾家园小区1号楼1单元
河北,石家庄,裕华区建通街道逸景园7号楼2单元
河北,石家庄,长安区建安街道茶叶公司宿舍1号楼3、5单元
河北,石家庄,长安区河东街道东方名邸3号楼2单元
河北,石家庄,长安区桃园镇古运码头一期14号楼1单元、15号楼1单元
河北,石家庄,长安区桃园镇高远森林城13号楼1单元
河北,石家庄,长安区高营镇丰泽福苑1号楼1单元
河北,石家庄,长安区富瀛苏园南区22号楼1单元、北区1号楼3单元
河北,石家庄,长安区高营镇普和小区北院11号楼
河北,石家庄,石家庄长安区东古城村高层1号楼
河北,石家庄,石家庄长安区北高营新村高层8号楼
河北,石家庄,裕华区建通街道盛邦花园八区5号楼
河北,石家庄,长安区谈固街道谈固新村13排15号
河北,石家庄,长安区建北街道外运宿舍3号楼
河北,石家庄,长安区建北街道园东园南区1号楼
河北,石家庄,长安区建北街道盛世春天南区4号楼
河北,石家庄,长安区建北街道一印宿舍3号楼3单元
河北,石家庄,长安区建北街道花园C区36号楼1单元
河北,石家庄,长安区建安街道中基礼域小区3号楼1单元
河北,石家庄,长安区建安街道冀兴花园小区9号楼4单元
河北,石家庄,长安区建安街道华平苑小区1号楼2单元、10号楼
河北,石家庄,长安区长丰街道秋景怡园西区1号楼、20号楼
河北,石家庄,长安区桃园镇聚鑫园社区东片、西片
河北,石家庄,长安区建安街道新自来水公司宿舍北楼1单元
河北,石家庄,长安区建安街道128号院1号楼1单元、2号楼3单元
河北,石家庄,新华区石岗街道柏林北区81号、87栋4单元
河北,石家庄,新华区赵佗路街道红星花园2号楼2单元
河北,石家庄,长安区长丰街道秋景怡园西区6、11号楼
河北,石家庄,裕华区裕兴街道丽晶园小区12号楼1单元
河北,石家庄,长安区建北街道花园小区A片
河北,石家庄,长安区高营镇恒大御景半岛25号楼
河北,石家庄,长安区高营镇东古城新村1、3、4号楼
河北,石家庄,长安区高营镇南高营回迁三区26、27号楼
河北,石家庄,长安区高营镇富瀛苏园北区2、3、4、6、7、9号楼、南区14、15、17、18、21、23、24号楼
河北,石家庄,长安区中山东路街道金恒花园2、3号楼
河北,石家庄,桥西区南长街道中南小区7号楼3单元
河北,石家庄,桥西区东风街道仁和嘉园4号楼1单元
河北,石家庄,长安区建北街道尚乘源4、7、10、12、15号楼
河北,石家庄,长安区建北街道国赫红珊湾4号楼
河北,石家庄,长安区建北街道北城国际南区17、18号楼
河北,石家庄,长安区建北街道万科紫郡8号楼
河北,石家庄,长安区胜北街道义堂新村4号楼4单元、8号楼1单元、15号楼1单元
河北,石家庄,长安区阜康街道工人街12号房管所宿舍南区
河北,石家庄,长安区阜康街道工人街16号面粉厂宿舍1号楼
河北,石家庄,长安区阜康街道动力厂一宿舍1号楼、2号楼
河北,石家庄,长安区广安街道冠诚苑3号楼1单元
河北,石家庄,藁城区张家庄镇大丰化村
河北,石家庄,长安区河东街道乐城苑东区5号楼2单元、7号楼1单元
河北,石家庄,长安区桃园镇陈章小区东片、西片
河北,石家庄,桥西区留营街道东简良旧村
河北,石家庄,桥西区留营街道良兴美嘉城30、31号楼
河北,石家庄,桥西区中山街道金裕公寓
河北,石家庄,桥西区东华街道中山华府丁香院
河北,石家庄,长安区谈固街道白佛村白佛西小街1704号、北片楼区公路1016、1206号、集市大街600-601号
河北,石家庄,长安区桃园镇柳林铺小区2、3、15、18、20号楼
河北,石家庄,长安区桃园镇弘金府3、5、8、14号楼
河北,石家庄,长安区桃园镇中基碧域5、11、18号楼
河北,石家庄,长安区桃园镇荣昌东花园1、2号楼
河北,石家庄,长安区西兆通镇南石家庄西区1、2、7号楼
河北,石家庄,长安区西兆通镇天洲视界城B区3、4、7号楼
河北,石家庄,长安区跃进街道上东城2、3、7、8号楼
河北,石家庄,长安区河东街道乐城苑西区4、5号楼
河北,石家庄,长安区青园街道范华小区12中南宿舍
河北,石家庄,长安区青园街道建北街道花园小区A区1、10、11、12、13号楼
河北,石家庄,长安区广安街道棉三小区26、48、49、50、71、74号楼
河北,石家庄,长安区广安街道棉四小区22、30、31、34、36号楼
河北,石家庄,长安区长丰街道仁华家园3、4、5、6号楼
河北,石家庄,裕华区方村镇众美城廊桥四季B区2号楼1单元
河北,石家庄,裕华区方村镇众美城廊桥四季C区3号楼2单元
河北,石家庄,裕华区方村镇恒大雅苑D区19号楼1单元
河北,石家庄,裕华区方村镇方兴小区215号楼2单元
河北,石家庄,裕华区方村镇贾村新村B区11号楼1单元
河北,石家庄,裕华区裕强街道东方观邸小区4号楼3单元
河北,石家庄,裕华区裕强街道神兴小区1期25号楼
河北,石家庄,裕华区东苑街道尖岭小区23号楼1单元
河北,石家庄,裕华区东苑街道粮油所宿舍2号楼2单元
河北,石家庄,裕华区东苑街道裕东小区5区43号楼1单元
河北,石家庄,裕华区东苑街道河北省谷子研究所宿舍
河北,石家庄,裕华区东苑街道25中宿舍Ｂ座3单元
河北,石家庄,裕华区东苑街道国际城三期47号楼1单元
河北,石家庄,裕华区东苑街道豪景丽园2号楼2单元、10号楼2单元
河北,石家庄,裕华区东苑街道裕东小区南区70号楼1单元
河北,石家庄,裕华区东苑街道省文物局宿舍
河北,石家庄,裕华区东苑街道方北新村8号楼2单元
河北,石家庄,裕华区东苑街道裕东小区北区57号楼3单元、68号楼1单元
河北,石家庄,裕华区裕东街道大马庄园15号楼
河北,石家庄,裕华区裕东街道金域蓝湾4号楼1单元
河北,石家庄,裕华区裕东街道东方花园小区3号楼4单元
河北,石家庄,裕华区裕东街道藏龙福地小区4号楼1单元、16号楼2单元
河北,石家庄,裕华区建通街道盛邦花园八区1号楼1单元
河北,石家庄,新华区西三庄街道西三庄西区B5号楼1单元
河北,石家庄,新华区天苑街道天苑小区G区2号楼
河北,石家庄,新华区天苑街道联盟路街道万信城市花园B2号楼
河北,石家庄,栾城区冶河镇卓达太阳城希望之州12号楼
河北,石家庄,鹿泉区河北传媒学院（鹿泉校区）
河北,石家庄,裕华区方村镇南岭小区西区14号楼1单元
河北,石家庄,裕华区方村镇众美城廊桥四季A区8号楼1单元、10号楼1单元
河北,石家庄,裕华区方村镇众美城廊桥四季C区11号楼1单元
河北,石家庄,裕华区方村镇融创臻澜园3号楼1单元
河北,石家庄,裕华区裕东街道花溪畔2号楼2单元
河北,石家庄,裕华区裕东街道大马庄园4号楼
河北,石家庄,裕华区裕东街道金马小区腾飞园26号楼1单元
河北,石家庄,裕华区裕东街道小马新村22号楼1单元
河北,石家庄,裕华区裕东街道西美五洲天地6号楼1单元
河北,石家庄,裕华区槐底街道家乐园2号楼4单元
河北,石家庄,裕华区槐底街道槐底一区1号楼
河北,石家庄,裕华区槐底街道石门小区30号楼2单元
河北,石家庄,裕华区槐底街道尖岭万达B2南区2号楼2单元
河北,石家庄,裕华区槐底街道燕港新村30号楼5单元
河北,石家庄,裕华区建华南街道风尚水郡北区8号楼
河北,石家庄,裕华区建华南街道水韵华庭10号楼2单元
河北,石家庄,裕华区建华南街道南焦新村玉兰园18号楼1单元
河北,石家庄,裕华区裕翔街道锦绣学府10号楼1单元
河北,石家庄,裕华区裕兴街道东王新村1号楼1单元
河北,石家庄,裕华区裕兴街道八五零小区5号楼2单元
河北,石家庄,裕华区裕兴街道丽晶园小区5号楼1单元
河北,石家庄,裕华区裕兴街道东方明珠小区4号楼2单元
河北,石家庄,裕华区裕兴街道华兴小区7号楼4单元
河北,石家庄,裕华区裕强街道国仕山小区14号楼
河北,石家庄,裕华区裕强街道位同新村西区南1号楼1单元
河北,石家庄,裕华区建通街道绿家小区6号楼2单元
河北,石家庄,裕华区建通街道现代城5号楼1单元
河北,石家庄,裕华区建通街道孙村长宏锦园三区1号楼1单元
河北,石家庄,正定县正定镇正洋花园2号楼1单元
河北,石家庄,正定县新城铺镇北王庄村
河北,石家庄,正定县小商品板材市场
河北,石家庄,桥西区新石街道春江花月15号楼1单元
河北,石家庄,新华区赵佗路街道赵二街19号楼1、3单元
河北,石家庄,裕华区裕华路街道北方设计院四区6号楼5单元
河北,石家庄,裕华区裕华路街道3302小区3号楼2单元、7号楼
河北,石家庄,裕华区东苑街道宾南花园A座2单元
河北,石家庄,裕华区东苑街道裕馨园7号楼2单元
河北,石家庄,裕华区东苑街道方北新村24号楼2单元
河北,石家庄,裕华区裕强街道卓达书香园一区16号楼2、3单元
河北,石家庄,裕华区裕强街道省农垦局宿舍2号楼1单元
河北,石家庄,裕华区槐底街道中国银行宿舍3号楼1单元
河北,石家庄,裕华区槐底街道农业厅宿舍4号楼3单元
河北,石家庄,裕华区槐底街道长安区政府宿舍1单元（槐岭路13号）
河北,石家庄,裕华区槐底街道道桥宿舍5号楼1单元
河北,石家庄,裕华区槐底街道家乐园小区3号楼2单元
河北,石家庄,裕华区裕东街道蓝郡名邸9号楼1单元
河北,石家庄,裕华区裕东街道藏龙福地3号楼2单元
河北,石家庄,裕华区裕东街道彩虹源6号楼3单元
河北,石家庄,裕华区方村镇方村新村1号楼2单元
河北,石家庄,裕华区方村镇融创臻华园5号楼2单元
河北,石家庄,裕华区方村镇恒大雅苑D区16号楼2单元
河北,石家庄,裕华区方村镇众美城廊桥四季A区8号楼2单元
河北,石家庄,裕华区裕兴街道海德园小区6号楼2单元
河北,石家庄,裕华区裕翔街道盛世花园5号楼4单元
河北,石家庄,裕华区建华南街道雅翠居1号楼1单元
河北,石家庄,裕华区建华南街道丽日青城3号楼2单元
河北,石家庄,裕华区裕东街道保利茉莉公馆除6号楼1单元之外楼栋单元
河北,石家庄,新华区合作路街道友谊北大街189号1号楼1单元
河北,石家庄,新华区西三庄街道尔湾花园2号楼1单元
河北,石家庄,正定县北关景城8号楼2单元、9号楼
河北,石家庄,鹿泉区李村镇李村东至西环路、西至邮电街、南至友谊街西六巷、北至镇前大街
河北,石家庄,鹿泉区李村镇李村金碧花园3、4、5号楼
河北,石家庄,桥西区汇通街道东安小区6号楼
河北,石家庄,桥西区休门街道天禧府3号楼1单元、5号楼1单元
河北,石家庄,桥西区休门街道汇翠家园
河北,石家庄,桥西区中山街道检察院宿舍1号楼1单元
河北,石家庄,桥西区东华街道中山华府玫瑰院11号楼2单元、12号楼、14号楼
河北,石家庄,桥西区东华街道光明路3号院2号楼6单元
河北,石家庄,桥西区东华街道天滋嘉鲤南区4号楼2单元、6号楼
河北,石家庄,桥西区东华街道天滋嘉鲤北区3号楼2单元、4号楼、5号楼、6号楼2单元
河北,石家庄,桥西区东华街道恒润家园2号楼3单元
河北,石家庄,桥西区东华街道中山华府百合院1号楼2单元、2号楼1单元、7号楼2单元
河北,石家庄,桥西区东华街道中山华府海棠院3号楼1单元、4号楼1单元、6号楼1单元、9号楼2单元
河北,石家庄,桥西区东华街道煤市路74号2号楼2单元
河北,石家庄,桥西区东华街道光明路39号院1号楼2单元、2号楼5单元
河北,石家庄,桥西区东华街道光明路8号院
河北,石家庄,桥西区东华街道铁三宿舍1号楼4单元、2号楼、3号楼1单元
河北,石家庄,桥西区东华街道中山华府丁香院13号楼2单元、14号楼2单元、15号楼1单元、16号楼
河北,石家庄,桥西区东华街道光明路3号院2号楼5单元
河北,石家庄,桥西区东华街道和瑞家园2号楼3单元
河北,石家庄,裕华区裕华路街道省博物馆宿舍1号楼4单元（青园街264号）
河北,石家庄,裕华区方村镇融创臻景园1号楼2单元、3号楼1单元、4号楼2单元
河北,石家庄,裕华区裕兴街道天海誉天下C区17号楼2单元
河北,石家庄,裕华区东苑街道华药六区6号楼1单元
河北,石家庄,裕华区裕东街道测绘局生活区1号楼2单元、2号楼4单元、3号楼2单元（东岗路287号）
河北,石家庄,鹿泉区李村镇闫同村昌盛街东一、二巷
河北,石家庄,鹿泉区李村镇裕祥路39号
河北,石家庄,鹿泉区寺家庄镇平北村安天街4、5、6巷
河北,石家庄,鹿泉区寺家庄镇民通街9、10、11巷
河北,石家庄,鹿泉区获鹿镇四街棉麻宿舍
河北,石家庄,鹿泉区铜冶镇海龙湾7号楼2单元
河北,石家庄,鹿泉区铜冶镇安联青年城3号楼2单元
河北,石家庄,循环化工园区保利时光印象5号楼1单元
河北,石家庄,栾城区冶河镇卓达太阳城希望之州小区10号楼二单元、11号楼三单元
河北,石家庄,栾城区楼底镇西羊市村
河北,石家庄,栾城区楼底镇东尹村
河北,石家庄,鹿泉区上庄镇鹿锦苑4号楼2单元
河北,石家庄,鹿泉区寺家庄镇花样年南湖琅樾（长九广场）二号楼
河北,石家庄,新华区石岗街道柏林南路16号院2号楼1单元
河北,石家庄,桥西区新石街道西三教旧村东区（维明大街以东）
河北,石家庄,桥西区留营街道创新天卉学校淑女楼
河北,石家庄,桥西区友谊街道西里小区富华园39号楼4单元
河北,石家庄,桥西区西里街道建国北区13号楼2单元
河北,石家庄,桥西区西里街道泊爱蓝岛11号楼2单元
河北,石家庄,桥西区振头街道戒毒所宿舍3号楼2单元
河北,石家庄,桥西区振头街道振头三街阳光八巷1-12号、30-38号，阳光九巷1-11号、29-37号，阳光十巷1-11号，阳光中加二巷1-4号
河北,石家庄,长安区建安街道建和园5号楼2单元
河北,石家庄,长安区谈固街道华宸怡园小区50号楼1单元
河北,石家庄,裕华区裕强街道卓达书香园一区8、48、53号楼
河北,石家庄,裕华区方村镇恒大雅苑D区21号楼1单元、2单元
河北,石家庄,裕华区方村镇方兴小区225号楼3单元
河北,石家庄,藁城区常安镇里庄东昊蔬菜批发市场冷库
河北,石家庄,裕华区槐底街道河北地质大学综合楼
河北,石家庄,裕华区建华南街道赵卜口新村16号楼3单元
河北,石家庄,新华区赵陵铺路街道党家庄高层30号楼1单元、27号楼1单元、27号楼2单元、17号楼1单元
河北,石家庄,正定县南楼乡南楼村
河北,石家庄,藁城区岗上镇岗上村三区1号楼
河北,石家庄,桥西区西里街道西雅小区14号楼1单元
河北,石家庄,桥西区东风街道平安小区11号楼4单元
河北,石家庄,桥西区苑东街道大谈裕园11号楼3单元
河北,石家庄,桥西区苑东街道大谈裕园10号楼1单元
河北,石家庄,裕华区东苑街道国际丽都小区1号楼
河北,石家庄,裕华区槐底街道世纪花园东区10号楼2单元
河北,石家庄,新华区赵陵铺路街道党家庄多层34号楼2单元、32号楼2单元、25号楼2单元、25号楼5单元、12号楼2单元
河北,石家庄,正定县南岗镇纳里印象3号楼1单元
河北,石家庄,正定县南楼乡陈家疃村
河北,石家庄,正定县南楼乡孔村
河北,石家庄,正定县南牛乡西杨庄村
河北,石家庄,正定县西平乐乡大寨村
河北,石家庄,正定县新城铺镇东平乐村
河北,石家庄,正定县正定镇西柏棠村
河北,石家庄,正定县正定镇战村
河北,石家庄,正定县诸福屯街道办诸福屯回迁安置A区
河北,石家庄,裕华区槐底街道河北地质大学家属院除眷6楼1、2、3单元以外的区域
河北,石家庄,新华区石岗街道柏林怡园20号楼3单元
河北,承德,双桥区（除高风险区以外地区）
河北,承德,兴隆县（除高风险以外的其他地区）
河北,承德,双桥区陕西营小区6号楼1单元
河北,承德,双桥区和竹林寺工商行家属院1号楼3单元
河北,承德,双桥区顺天河宾馆总店（双桥区武烈路27号）
河北,承德,双桥区迎宾路63号
河北,承德,围场满族蒙古族自治县（除高风险外的其他地区）
河北,承德,滦平县（除高风险地区外的其他地区）
河北,张家口,宣化区（除高风险以外的其他地区）
河北,张家口,桥西区除高风险以外的其他地区
河北,张家口,崇礼区除高风险区外
河北,张家口,沽源县除高风险区外
河北,张家口,经开区南站街道京润现代城一期
河北,张家口,宣化区钢鑫小区11号楼4单元
河北,张家口,康保镇名仕臻园小区
河北,张家口,经开区沙岭子镇屈家庄村
河北,张家口,桥东区姚家庄镇王家寨村
河北,张家口,宣化区尚东国际9号楼1单元
河北,张家口,宣化区利民上院3号楼
河北,张家口,经开区（除高、中风险区以外的其他地区）
河北,张家口,宣化区世纪光华小区29号楼4单元
河北,张家口,宣化区钢鑫小区9号楼2单元
河北,张家口,宣化区康居小区1号楼1单元
河北,张家口,宣化区恒基花园11号楼4单元
河北,张家口,康保镇白龙山小区
河北,张家口,宣化区宣赤路北东15排平房
河北,张家口,桥东区（除高风险区以外的其他区域）
河北,张家口,康保镇聚宝山村
河北,张家口,康保镇永康艺兴苑小区
河北,张家口,经开区姚家房镇二台子村
河北,张家口,宣化区造纸厂家属院8号楼1单元
河北,张家口,宣化区世纪光华74号楼6单元
河北,张家口,桥东区大仓盖镇人头山村
河北,张家口,经开区老鸦庄镇老鸦庄小区
河北,张家口,康保镇北关新村
河北,张家口,经开区沙岭子镇沙岭子村
河北,张家口,宣化区东城墙3号院16号楼2单元
河北,张家口,宣化区万字会新民居2号楼2单元
河北,张家口,宣化区恒基小区18-4
河北,张家口,宣化区支家桥建行家属楼1号楼4单元
河北,张家口,宣化区春光乡大东村
河北,张家口,宣化区望京福地廉租房5号楼2单元
河北,张家口,宣化区恒基花园11号楼6单元
河北,张家口,宣化区柳树巷钟楼大街35号院1-2单元
河北,张家口,宣化区望京福地1号楼5单元
河北,张家口,宣化区和平小区3号楼1单元
河北,张家口,宣化区安广小区6-2
河北,张家口,宣化区城上城A区5号楼11单元
河北,张家口,宣化区河子西镇肖家坊村
河北,张家口,宣化区利民上院8号楼1单元
河北,张家口,宣化区雅馨苑1号楼2单元
河北,张家口,宣化区玉皇庙街11号院1号楼4单元
河北,张家口,经开区登峰市场
河北,张家口,宣化区宣赤路北三道巷14排
河北,张家口,宣化区河子西镇河子西村
河北,张家口,宣化区洋河南8号院
河北,张家口,宣化区洋河南镇头台子村
河北,张家口,宣化区洋河南镇家兴小区3号楼6单元
河北,张家口,宣化区演武厅烤鸭店胡同区域
河北,张家口,宣化区玉皇庙街11号院1号楼1单元
河北,张家口,经开区南站街道九鼎国际B区
河北,张家口,经开区沈家屯镇高家屯村
河北,张家口,万全区孔家庄街道馨园小区2号楼、3号楼，
河北,张家口,万全区郭磊庄镇方舱医院工地
河北,张家口,经开区老鸦庄镇新天地小区26号楼2单元
河北,张家口,经开区沈家屯镇沈家屯村第五片区中道梁沟底
河北,张家口,宣化区平安小区13号楼2单元
河北,张家口,宣化区雅谐10号楼2单元
河北,张家口,宣化区兴苑小区1号楼8单元
河北,张家口,宣化区造纸厂家属院东9、西11排
河北,张家口,宣化区建国街129号院9号楼1单元
河北,张家口,宣化区太阳城小区7号楼2单元
河北,张家口,宣化区西城鑫新小区3号楼4单元
河北,张家口,宣化区东城墙北路旧物业楼2号院4单元
河北,张家口,宣化区中央康城16号楼1单元
河北,张家口,宣化区旭日家园2号楼2单元
河北,张家口,桥东区大仓盖镇大仓盖村
河北,张家口,宣化区李指挥庄村
河北,张家口,宣化区定兴堡村
河北,张家口,宣化区大辛庄村
河北,张家口,宣化区河家堰村
河北,张家口,宣化区羊房堡村
河北,沧州,肃宁县高风险区以外的其他地区
河北,沧州,献县高风险区以外的其他地区
河北,沧州,沧县高风险区以外的其他地区
河北,沧州,运河区高风险区以外的其他地区
河北,沧州,新华区高风险区之外的其他地区
河北,邢台,隆尧县（除高风险区以外的其他地区）
河北,邢台,宁晋县（除高风险区以外的其他地区）
河北,邢台,信都区（除高风险区以外的其他地区）
河北,邢台,临城县（除高风险区以外的其他地区）
河北,邢台,平乡县（除高风险区以外的其他地区）
河北,邢台,襄都区（除高风险区以外的其他地区）
河北,邢台,威县（除高风险区以外的其他区域）
河北,邢台,信都区北小汪回迁楼（园林街路北）19号楼3单元
河北,邢台,南宫市（除高风险区以外的其他地区）
河北,邢台,开发区
河北,邢台,信都区泉西街道燕云台小区2号楼1单元、28号楼1单元
河北,邢台,信都区冷库街县建委家属楼南楼3单元；
河北,邢台,邢东新区（除高风险以外区域）
河北,邢台,信都区张宽街道悟思社区
河北,邢台,襄都区世纪名都小区
河北,邢台,信都区羊范镇固坊村
河北,邢台,襄都区西门里街道拖南小区除1号楼以外区域
河北,邢台,襄都区凤麟街两侧周边区域
河北,邢台,信都区钢铁路街道滨江苑小区
河北,邢台,襄都区襄湾壹号小区
河北,邢台,信都区轮胎三厂生活区1号楼3单元
河北,邢台,襄都区南长街街道水岸蓝庭小区其他区域
河北,邢台,平乡县河古庙镇南庄村（除阜南街）其他区域
河北,邢台,信都区达活泉街道消防队小区1号楼1单元
河北,邢台,宁晋县天和城小区
河北,邢台,宁晋县上城嘉苑小区
河北,邢台,信都区丰泽郡10号楼4单元
河北,邢台,襄都区清林雅筑小区
河北,邢台,信都区滨苑小区11号楼3单元、3号楼4单元
河北,邢台,信都区煤科院7号楼1单元
河北,邢台,信都区中兴路街道西郭庄社区7号楼2单元
河北,邢台,宁晋县颐和绿洲南区
河北,邢台,信都区团结路街道团结中生活区3号楼
河北,邢台,襄都区开元御园小区
河北,邢台,襄都区南长街街道恒大城A区住宅
河北,邢台,襄都区天一城北区
河北,邢台,襄都区顺德鑫苑西区南片区
河北,邢台,襄都区泉东街道林语嘉园除8号楼以外区域
河北,邢台,宁晋县东曹庄村小区
河北,邢台,信都区南石门镇碧桂园小区306号楼；
河北,邢台,襄都区西大街街道化工楼区
河北,邢台,信都区南大郭镇富强家园10号楼2单元
河北,邢台,信都区交通之家1号楼4单元
河北,邢台,宁晋县金镇新村小区
河北,邢台,襄都区南长街街道水岸蓝庭小区2号楼
河北,邢台,隆尧县莲子镇镇白家寨村
河北,邢台,信都区行署家属院5号楼3单元
河北,邢台,信都区保利茉莉公馆12号楼2单元
河北,邢台,信都区林庄社区6号楼2单元
河北,邢台,信都区皇寺镇东羊卧村、皇寺村、徐村
河北,邢台,信都区鸿溪书香园45号楼2单元；
河北,邢台,信都区政法小区2号楼1单元
河北,邢台,威县固献镇大葛寨村
河北,邢台,信都区李村镇山水秀丽小区3号楼4单元；
河北,邢台,信都区永辉巴黎16号楼4单元
河北,邢台,信都区泉南西大街131号；
河北,邢台,信都区阳光印象11号楼；
河北,邢台,信都区泉西街道盛世公馆17号楼1单元
河北,邢台,信都区南大郭镇南大郭村西街
河北,邢台,信都区林庄社区1号楼2单元
河北,邢台,信都区龙城仕家7号楼1单元
河北,邢台,信都区达活泉街道运输公司家属楼3单元
河北,邢台,襄都区西大街街道化工楼区2号楼
河北,邢台,襄都区南长街街道红星东小区2号楼
河北,邢台,襄都区西门里街道北迁小区
河北,邢台,襄都区西大街街道金属公司家属楼区
河北,邢台,襄都区西大街街道车站南路488号楼区；
河北,邢台,襄都区南长街街道红星东小区除2号楼以外区域
河北,邢台,襄都区北大街街道月亮湾小区
河北,邢台,襄都区北大街街道天合苑小区
河北,邢台,襄都区泉东街道御景澜湾
河北,邢台,襄都区泉东街道顺都府
河北,邢台,襄都区泉东街道长信村
河北,邢台,襄都区大梁庄乡全都城悦府
河北,邢台,襄都区晏家屯镇阳光尚城
河北,邢台,襄都区东郭村镇淮家屯社区
河北,邢台,信都区和谐雅居9号楼1单元
河北,邢台,信都区中华大街街道烟草家属院楼1单元
河北,邢台,信都区邮政局家属院2号楼4单元
河北,邢台,信都区金华舒怡苑1号楼3单元
河北,邢台,信都区矿北生活区22号楼1单元
河北,邢台,信都区中兴路街道塔林南小区5号楼2单元
河北,邢台,信都区张东东区19号楼1单元
河北,邢台,信都区永康境界北区3号楼1单元
河北,邢台,信都区三奕润城7号楼3单元
河北,邢台,信都区园东小区11号楼2单元
河北,邢台,信都区锦绣鹏城11号楼1单元；
河北,邢台,信都区钢铁路街道滨江苑18号楼3单元、6号楼4单元、13号楼3单元
河北,邢台,威县赵村镇寺庄村
河北,邢台,开发区火炬街道办事处中兴绿谷5号楼1单元、2号楼1单元
河北,邢台,开发区盛世春天10号楼2单元
河北,邢台,开发区安联风度柏林1号楼、3号楼
河北,邢台,开发区百花市场
河北,邢台,开发区朱庄社区
河北,邢台,开发区王快镇王快社区
河北,邢台,开发区留村镇北俎村
河北,邢台,开发区赵西村
河北,邢台,开发区赵东村
河北,邢台,威县张营乡邵梁庄二村
河北,邢台,信都区中华大街街道麒麟郡4号楼3单元
河北,邢台,襄都区大梁庄乡翟村小区12号楼3单元
河北,邢台,威县第什营芦头村
河北,邢台,襄都区南长街街道红星东小区10号楼2单元
河北,邢台,襄都区恒大城1号楼1单元、2号楼1单元
河北,邢台,襄都区西大街街道金属公司家属院
河北,邢台,襄都区车站南路488号化轻公司家属楼
河北,邢台,襄都区开元御园1号楼2单元
河北,邢台,襄都区顺德鑫苑5号楼1单元、8号楼
河北,邢台,襄都区北大街街道月亮湾小区2、3、4、5、7号楼
河北,邢台,襄都区西门里街道北迁小区1、4号楼
河北,邢台,襄都区襄湾壹号2号楼2单元、4号楼1单元
河北,邢台,襄都区拖南小区18号楼
河北,邢台,襄都区九中家属院1号楼2单元
河北,邢台,襄都区东郭村镇淮家屯东区23、24、25、28、30、31号楼
河北,邢台,襄都区晏家屯镇阳光尚城3号楼
河北,邢台,威县贺钊镇侍曾村
河北,邯郸,峰峰矿区除高风险地区之外的区域
河北,邯郸,武安市除高风险区之外的地区
河北,邯郸,曲周县除高风险地区之外的区域
河北,邯郸,鸡泽县除高风险区以外的其他地区
河北,邯郸,涉县除高风险区之外的地区
河北,邯郸,肥乡区除高风险区之外的地区
河北,邯郸,成安县除高风险地区之外的地区
河北,邯郸,邱县除高风险地区之外的地区
河北,邯郸,邯山区除高风险区以外的其他地区
河北,邯郸,丛台区除高风险区以外的其他地区
河北,邯郸,永年区除高风险区以外的地区
河北,邯郸,复兴区除高风险区之外的地区
河北,雄安,安新县除高风险区外的其他区域
河北,雄安,容城县除高风险区域的其他区域
河北,保定,高阳县除高风险区外其他区域
河北,保定,涞水县除高风险区外其他区域
河北,保定,涞源县除高风险区以外区域
河北,保定,清苑区除高风险区外其他区域
河北,保定,阜平县除高风险区外其他区域
河北,廊坊,广阳区除高风险区域外的其他区域
河北,廊坊,霸州市除高风险地区外的其他区域
河北,廊坊,开发区除高风险区以外的其他区域
河北,廊坊,三河市除高风险区以外的其他区域
河北,廊坊,永清县除高风险区以外的其他区域
河北,廊坊,安次区除高风险区域外的其他区域
河北,廊坊,大城县除高风险区以外的其他区域
河北,廊坊,固安县除高风险区以外的其他区域
河北,廊坊,香河县除高风险区以外的其他区域
河北,廊坊,文安县除高风险区外的其他地区
山东,青岛,即墨区
山东,青岛,平度市
山东,青岛,李沧区除高风险区以外的地区
山东,青岛,市南区除高风险外的其他区域
山东,青岛,城阳区
山东,青岛,市北区除高风险以外的地区
山东,济宁,曲阜市除高风险区以外的其他区域
山东,济宁,太白湖新区除高风险区外的其他区域
山东,济宁,鱼台县除高风险区以外的其他区域
山东,济宁,兖州区除高风险区以外的其他区域
山东,济宁,嘉祥县除高风险区以外的其他区域
山东,济宁,高新区除高风险区以外的其他区域
山东,济宁,邹城市除高风险区外的其他区域
山东,济宁,任城区除高、中风险区以外的其他区域
山东,济宁,汶上县除高风险区以外的其他区域
山东,济南,章丘区除高风险区外的其他区域
山东,济南,平阴县除高风险区外的其他区域
山东,济南,莱芜区除高风险区外的其他区域
山东,济南,市中区除高风险区以外的其他区域
山东,济南,历下区除高风险区以外的其他区域
山东,济南,南部山区除高风险区外的其他区域划
山东,济南,槐荫区除中、高风险区外的其他区域
山东,济南,高新区除高风险区外的其他区域
山东,济南,历城区除高风险区外的其他区域
山东,济南,天桥区除高风险区以外的其他区域
山东,泰安,新泰市除高风险区以外的其他区域
山东,泰安,泰安旅游经济开发区除高风险区以外的其他区域
山东,泰安,泰安高新区除高风险区以外的其他区域
山东,泰安,肥城市除高风险区以外的其他区域
山东,泰安,泰山区除高风险区以外的其他区域
山东,泰安,岱岳区除高风险区以外的其他区域
山东,德州,宁津县除高风险区域外的其他区域
山东,菏泽,巨野县除发布的高风险区以外的其他区域
山东,菏泽,东明县除高风险区以外的其他区域
山东,菏泽,开发区除高风险区以外的其他区域
山东,聊城,临清市除高风险区以外的其他区域
山东,聊城,东昌府区（包括聊城经济技术开发区、聊城高新技术产业开发区、聊城江北水城旅游度假区）除高风险区以外的区域
山东,聊城,冠县除高风险区以外的其他区域
山东,临沂,兰山区柳青街道开元花半里小区
山东,临沂,兰山区兰山街道董家朱许村
山东,临沂,兰山区兰山街道响河屯村
山东,临沂,兰山区经济开发区庙上村南涑河以东、中央大街以西、后大街以南、大山路以北区域
山东,临沂,罗庄区盛庄街道万通盛世馨园小区
山东,临沂,兰山区柳青街道银丰雅园小区
山东,临沂,河东区九曲街道乐泰花园小区
山东,临沂,兰山区柳青街道荣盛花语馨苑
山东,临沂,兰山区枣园镇花园村
山东,临沂,沂河新区梅家埠街道临沂瑞源工贸有限公司
山东,临沂,沂河新区梅家埠街道李家湖村（1、2、3、4、5号楼）
山东,临沂,沂河新区梅家埠街道丁家湖村
山东,临沂,兰山区义堂镇丰源小区
山东,临沂,兰山区兰山街道台湾城小区
山东,临沂,兰山区义堂镇后乡村
山东,临沂,兰山区义堂镇西吴家屯村
山东,临沂,沂河新区梅家埠街道月亮湾社区后道口村
山东,临沂,兰山区柳青街道军联农贸市场
山东,临沂,兰山区枣园镇高庄村
山东,临沂,兰山区经济开发区密家庄村
山东,临沂,沂河新区梅家埠街道月亮湾社区庄坞村
山东,临沂,兰山区兰山街道小岭村宏大路以西、临西九路以东、大山路以南、鑫岭小区以北区域
山东,临沂,兰山区李官镇云泊湖社区
山东,临沂,兰山区兰山街道清馨家园小区
山东,临沂,兰山区柳青街道环球香樟园小区
山东,临沂,兰山区义堂镇大义堂村
山东,临沂,罗庄区盛庄街道锦绣华庭二期小区
山东,临沂,兰山区柳青街道泉府公馆小区
山东,临沂,兰山区银雀山街道商业局宿舍
山东,临沂,兰山区银雀山街道西城花园小区
山东,临沂,兰山区银雀山街道临沂市粮食局家属院
山东,临沂,兰山区兰山街道鲁银小区
山东,临沂,兰山区兰山街道华苑农副产品超市
山东,临沂,兰山区义堂镇营子村
山东,临沂,河东区九曲街道甘家屯村
山东,临沂,河东区九曲街道甘家屯村临沂畅胜五金厂
山东,临沂,河东区九曲街道尤家斜坊社区玉福园小区
山东,临沂,沂河新区梅家埠街道月亮湾社区小庄子村1号楼、4号楼
山东,临沂,兰山区柳青街道圣兰菲诺小区
山东,临沂,兰山区柳青街道金信融城小区
山东,临沂,兰山区李官镇苏家埠村
山东,临沂,兰山区枣园镇集西村新港混凝土有限公司
山东,临沂,兰山区柳青街道怡都花园小区
山东,临沂,兰山区兰山街道涑河城邦小区
山东,临沂,兰山区银雀山街道锦绣嘉园小区
山东,临沂,兰山区柳青街道环球金水湾小区
山东,临沂,兰山区银雀山街道荣盛蓝山郡小区6号楼3单元和4单元
山东,临沂,兰山区银雀山街道真情家园小区
山东,临沂,兰山区银雀山街道外贸土畜产进出口公司家属院
山东,临沂,罗庄区盛庄街道锦绣华庭一期小区
山东,临沂,临沭县临沭街道山东金山化肥有限公司（临沭县苍山路北段与327国道交会东500米路北）
山东,临沂,兰山区兰山街道华前城市广场小区B区
山东,临沂,临沭县临沭街道景城花园小区10号楼（临沭县顺河路与利民街交叉口东北）
山东,临沂,郯城县郯城街道后八庙村
山东,临沂,兰山区金雀山街道南坛小区
山东,临沂,兰山区金雀山街道新东关小区C区6号楼2单元
山东,临沂,兰山区银雀山街道宏达小区A区
山东,临沂,兰山区银雀山街道荣华园小区
山东,临沂,河东区郑旺镇小尤家村
山东,临沂,沂河新区梅家埠街道盛安村
山东,临沂,河东区九曲街道豪森华府小区东区
山东,临沂,临沭县临沭街道周庄西街
山东,临沂,临沭县临沭街道金明寓A区12号楼
山东,临沂,兰山区银雀山街道临沂市自然资源和规划局西家属院
山东,临沂,兰山区银雀山街道龙城雅苑米面厂小区
山东,临沂,河东区汤河镇东李湖村
山东,淄博,张店区其他地区
山东,淄博,临淄区其他地区
山东,枣庄,台儿庄区除高风险区以外的其他区域
山东,枣庄,薛城区除高风险区以外的其他区域
山东,枣庄,市中区除高风险区以外的其他区域
贵州,遵义,红花岗区除高风险区外的其他区域
贵州,遵义,桐梓县除高风险区外的其他区域
贵州,遵义,汇川区除高风险区外的其他区域
广东,广州,白云区新市街大埔村全域（除高风险区外）
广东,广州,荔湾区南源街全域（除高风险区外）
广东,广州,白云区棠景街沙涌北二巷42号、48号、52号，三巷12-18号（双号）、19-27号、29-61号（单号），四巷13-23号（单号）
广东,广州,花都区新雅街（高风险区除外）
广东,广州,白云区人和镇全域（除高风险区域外）
广东,广州,白云区龙归街新墟南街12号、14号、15号、17号，新墟南五巷2号，桥头南八巷34号
广东,广州,南沙区东涌镇全域（除高风险区、大简村、西樵村、大同村、太石村、小乌村、马克村外）
广东,广州,荔湾区中南街(除高风险区、临时管控区外)
广东,广州,花都区花城街（高风险区除外）
广东,广州,荔湾区花地街道（除高风险区外）
广东,广州,花都区新华街（高风险区除外）
广东,广州,荔湾区西村街广雅前街1至27号；广雅路1至61号（单门牌）；广雅路6号至140号（双门牌）；环市西路68至84号、长宁街1至16号、长乐后街46、47、48、49、51号、52号、53、55号、56号
广东,广州,白云区钟落潭镇石牙路1号集中居住区
广东,广州,白云区白云湖街夏茅四矿工业区A7-A16栋
广东,广州,花都区花东镇
广东,广州,白云区石井街全域（除高风险区域外）
广东,广州,海珠区赤岗街道全域（除高风险区外）
广东,广州,白云区鹤龙街员村中街东六巷20号、24号、30号、33号，东七巷18号、25号、27号、29号
广东,广州,白云区鹤龙街彭上南路18号、20号，彭上新村东路2号、4号，彭上新村南十一巷15号、南十二巷15号
广东,广州,白云区龙归街南岭村岗埔路8号；永兴西街1-7号（单号）、8-16号（双号），永兴西路二巷5号、6号之一、7-14号，中一巷3-11号（单号），西一巷11号、13号
广东,广州,花都区狮岭镇合成南路7号（物业中心）、新城广场以南，合和路以北，合和西路以东，望城路以西区域
广东,广州,白云区云城街塘边大街11号、12-16号、16号之一、16号之二，17号、18号，18号之一，18号之二，19号、20号、20号之一、21号、21-1号、33号
广东,广州,白云区新市街黄沙岗全域（除高风险区域外）
广东,广州,白云区黄石街全域（除高风险区域外）
广东,广州,白云区江高镇江村桥观街1号、2号、3号、4号，江村桥观街二巷3号
广东,广州,白云区三元里街松柏新村十七巷12-16号（双号），十九巷11-16号
广东,广州,白云区石门街水悦城T2栋；南便九巷34号、38号、40号，南便十巷31号、33号、34号、34号之一、35-38号、38号之一、40号，42号，南便十一巷24号、28号、30号、34-40号（双号），西岐东街10号、12号、14号
广东,广州,白云区金沙街金御苑北区A3栋
广东,广州,越秀区东山街保安南街除高风险区以外的其他区域
广东,广州,越秀区梅花村街共和大街2-64号(双号)、共和一巷2-26、30-76号(双号)、共和二巷2-52号(双号)、共和三巷2-72号(双号)、共和四巷2-48号(双号)、共和五巷2-56号(双号)、共和六巷2-72号(双号)、共和七巷4-20号(双号)、26-62号(双号)、共和八巷2-22、26-64号(双号)所围成区域
广东,广州,白云区永平街新世界云逸A4栋、A5栋
广东,广州,白云区鹤龙街鹤泰路18号，鹤泰路20号A栋
广东,广州,花都区花山镇
广东,广州,荔湾区多宝街（除高风险区外）
广东,广州,白云区鹤龙街黄边凝香里10-22号，黄边居安里二横巷1-5号，仁厚里14-20号（双号），柿园北七巷7号
广东,广州,花都区狮岭镇谭屋北街以南、培正路以北、家家好精品超市以东、铁路线以西区域
广东,广州,白云区棠景街棠溪村百顺社区、祥岗社区，除高风险区域外
广东,广州,白云区三元里街三元里村全域（除高风险区外）
广东,广州,白云区松洲街全域（除高风险区外）
广东,广州,番禺区沙头街
广东,广州,白云区嘉禾街全域（除高风险区外）
广东,广州,白云区棠景街机场西社区（除高风险区域外）
广东,广州,白云区京溪街圣地摩坊公馆17栋、18栋，梅花园新村C2栋
广东,广州,荔湾区彩虹街全域（除高风险区外）
广东,广州,白云区新市街保利紫云C1栋
广东,广州,白云区石门街红星文昌街1-11号、13号，万福街29-37号（单号）、44-48号（双号），万福七巷1-8号、10号、12号、14号、18号，万福八巷1-6号，刘前大街六巷12-26号（双号）、22号之一
广东,广州,白云区石门街红星村全域（除高风险区外）
广东,广州,白云区同德街全域（除高风险区外）
广东,广州,白云区均禾街全域（除高风险区外）
广东,广州,增城区宁西街全域（除高风险区外）
广东,广州,白云区鹤龙街鹤北街北六巷1-6号，鹤北街北七巷2号、4号，鹤北街41-45号（单号）
广东,广州,白云区棠景街沙涌北汇景路68号、78号、78号之3、78号之145、90号
广东,广州,番禺区石楼镇岳溪村（除高风险区外）
广东,广州,白云区云城街北门东街十八巷7-13号（单号）、二十巷7-13号（单号）、二十二巷7-13号（单号）
广东,广州,白云区云城街萧岗花园社区001网格全域
广东,广州,白云区新市街小坪村全域（除高风险区外）
广东,广州,白云区鹤龙街鹤北街北一巷至北六巷，鹤北街28-47号，鹤北中街2-8号，鹤北中街一巷至三巷，鹤北街公园北
广东,广州,番禺区大石街(除高风险区、临时管控区外)
广东,广州,番禺区洛浦街（除高风险区、临时管控区外）
广东,广州,荔湾区西村街西湾东路2、10、12号，西湾东路14号之一至之六，西湾东路16号之一、之二、之三，西湾东路16号1、2、3栋，西湾东路18号蔬果大厦，广雅路76号、78号。
广东,广州,荔湾区白鹤洞街鹤洞路三巷74号
广东,广州,荔湾区白鹤洞街鹤洞路211号、213号、215号、217号
广东,广州,白云区鹤龙街西周街38号、40号、42号，东三巷1号、2号，东四巷2号
广东,广州,白云区三元里街松柏大街七巷1-2号， 八巷1-4号，九巷1号，十巷2号、4号
广东,广州,番禺区钟村街
广东,广州,荔湾区东沙街南漖社区西社街以南、涌边街以西、观涛路以北、玉兰路以东所围合区域
广东,广州,花都区狮岭镇培正路以南、广清城际军田安置区以北、新罗庄大街以东、铁路线以西区域
广东,广州,荔湾区海龙街南新约西街以北，南村大街、南村塘、江尾支涌3(南村涌)以东，南村南新街以西，二友工业区、江尾支涌3以南所围合区域
广东,广州,荔湾区白鹤洞街保利·葛洲坝海德公馆1栋-11栋
广东,广州,白云区鹤龙街鹤群街一巷1-6号、6号之一，吉祥街一巷6号、8号
广东,广州,白云区鹤龙街尹边齐兴路4号，尹边西街33号-1；尹边三街三巷1号，三街15号
广东,广州,白云区同和街握山西街34号、36号、38号、40号、40-1号
广东,广州,白云区云城街明珠花苑明泰A栋、B栋、C栋
广东,广州,花都区秀全街（高风险区除外）
广东,广州,番禺区大龙街新桥村（除高风险区、临时管控区外）
广东,广州,白云区金沙街横沙村全域（除高风险区外）
广东,广州,越秀区黄花岗街水荫直街西6巷福莱花园(除1座外)
广东,广州,荔湾区华林街（除高风险区外）
广东,广州,荔湾区岭南街
广东,广州,荔湾区昌华街（除高风险区外）
广东,广州,荔湾区桥中街（除高风险区外）
广东,广州,荔湾区沙面街（除高风险区外）
广东,广州,荔湾区逢源街（除高风险区外）
广东,广州,荔湾区金花街（除高风险区外）
广东,广州,荔湾区龙津街（除高风险区外）
广东,广州,白云区棠景街明珠小区明月阁、明枫阁；汇景路58号、73号、75号、79号、81号
广东,广州,白云区白云湖街兵房街10栋
广东,广州,白云区景泰街竹园社区云雨楼机场东门街9号
广东,广州,白云区金沙街金御苑北小区A6栋
广东,广州,白云区钟落潭镇福龙路79号，白沙商贸五巷3-8号，白沙商贸六巷3号、5号、7号，白沙商贸城，竹料商贸城，白沙前社八巷1号、38号(两栋)
广东,广州,越秀区建设街大马路社区（除高风险区外）
广东,广州,越秀区白云街大沙头社区（除高风险区外）
广东,广州,越秀区登峰街麓景路黄田小区（除高风险区外）其他11栋楼所围成区域
广东,广州,越秀区登峰街金麓社区和下塘社区除高风险区以外的其他区域、宝汉社区全域
广东,广州,番禺区市桥街北郊村1巷2～4号、2巷2～4号、3巷2～4号
广东,广州,荔湾区石围塘街(除高风险区外)
广东,广州,番禺区石壁街（除高风险区、临时管控区外）
广东,广州,番禺区南村镇（除高风险区、临时管控区外）
广东,广州,白云区京溪街麦地经济社麦华后街以西区域
广东,广州,白云区三元里街隆泰逸品君庭小区1-4栋
广东,广州,白云区大源街大源南路109号之一、109号之二、109号之三、109号之四、111号
广东,广州,白云区鹤龙街鹤新路15号、17号、19号，鹤泰路六巷16号、18号、20号，鹤泰路七巷15-20号；黄边南街一巷4号、6号、8号，二巷4号、6号、8号，三巷4号、6号、8号
广东,广州,白云区同和街榕树头路137-149号（单号）、149-1号、149-2号、149-3号、165号、165-1号
广东,广州,白云区金沙街环洲二路39号、41号、43号
广东,广州,白云区棠景街棠下西街一巷16号、17号、20号、23号、24（22）号、25-29号、31号，二巷7号、8号、10号、11号、12号、14号、15号，三巷8号；合益社区正升雅境A栋、B栋、C栋
广东,广州,白云区景泰街机场东门27号、29号、31号、33号，机场东门自编A9号
广东,广州,海珠区海幢街道安善里2号之一、2号之二、2号之三、4号
广东,广州,白云区新市街西约一巷37号-西苑路45号-西苑路39号-西约二巷43号-西约一巷37号合围区域
广东,广州,番禺区沙湾街岐头村
广东,广州,海珠区素社街道（除高风险区外）
广东,广州,海珠区官洲街道（除高风险区外）
广东,广州,海珠区南石头街道（除高风险区外）
广东,广州,荔湾区西村街大岗元北1、2、4号，大岗元北7、9、11号，大岗元北19、21号，大岗元北16至32号，大岗元39至108号，大岗元北48至124号双号门牌，大岗元北126至144号，大岗北148号
广东,广州,番禺区市桥街西郊村西丽大街22-27号、30-31号，以及东至西丽大街（南北向）、南至西丽大街（东西向）、西至西丽路、北至西丽园一街的围合区域
广东,广州,荔湾区东漖街(除高风险区外)
广东,广州,增城区永宁街全域（除高风险区外）
广东,广州,增城区新塘镇全域（除高风险区外）
广东,广州,白云区三元里街广园中路松柏东街7号、9号
广东,广州,海珠区瑞康新村一巷5-7号、二巷5-7号、三巷5-7号
广东,广州,海珠区瑞宝街道(除高风险区外)
广东,广州,海珠区新港街道(除高风险区外)
广东,广州,海珠区沙园街道(除高风险区外)
广东,广州,海珠区江海街道（除高风险区外）
广东,广州,海珠区凤阳街道（除高风险区外）
广东,广州,白云区大源街大源白路北街一巷2-5号，二巷1-5号(单号)，三巷2号、4号，四巷1号;大源白路北街6号
广东,广州,荔湾区白鹤洞街鹤翔里大院6号、7号、8号
广东,广州,海珠区海幢街道天一酒店
广东,广州,白云区棠景街沙涌北一社工业区宿舍2栋，沙涌北大围街一巷2号，沙涌北大围街二巷2-18号，沙涌北大围街三巷2-18号，沙涌北大围街8-12号（双号）
广东,广州,海珠区华洲街道聚德路—映东车行北墙—河道—聚德南路—聚德路连线以东，聚德东南街以南，江海大道以西，新滘中路以北围成区域（除高风险区外）
广东,广州,荔湾区西村街环市西路92号，冰厂后街1至29号， 长乐后街38、39、40、41、42号，西湾东十六街19、28、29号、五约大街2、4、6号、广州西站。
广东,广州,海珠区南华西街道（除高风险区外）
广东,广州,白云区棠景街怡程酒店，岗贝路14号、16号，岗贝路二巷5号，岗贝二街5号
广东,广州,白云区景泰街平安大街十二巷、十三巷、十四巷、十五巷、十六巷，云龙路2-18号
广东,广州,白云区三元里街华园东小区；广园中路72号、74号、76号
广东,广州,荔湾区站前街流花新街1-21号，站前横路23-57号（单号）、57号之一
广东,广州,白云区景泰街机场东门街1号豪泉大厦
广东,广州,白云区云城街萧岗村英华里二巷横2-7号，英华里二巷1-6号、8号;北门大街八巷16号、26号、28号，北门大街十巷11号;青云里五巷11号、13号、17号
广东,广州,白云区金沙街保利汇海花园1C幢、1B幢
广东,广州,荔湾区站前街西站西街1-3号、9-11号，西站一街11-24号，西站二街17-33号，西站三街14-29号，黑山二街至黑山九街，环市西路100-150号(双号)，站前一街4号、5号、10-18号(双号)、26-28号，车站边街9号，电台后四街1-7号
广东,广州,荔湾区站前街站前路4-97号、99-103号(单号)，陈岗路8-12号(双号)、13号、16号、18号、23号、32号、34号、47-53号(单号)，君湖一街1-3号、君湖二街1号，东升直街、东平一巷、东升二巷、东安里、东富里、东来里、东平里、东喜里、东源里、中兴里、西平里、中展里、西村首约大街、西村三约大街1号、三约大街42号、西村四约大街5号、5号之一、19号、25号
广东,广州,荔湾区西村街广雅后街一巷 1号、 1号之一、 3号、3号之一、 5号 、5号之一 、7号、7号之一 、9号、 11号、 11号之一 、13号 、 13号之一、 15号、15号之一、17号、 17号之一 、 19号、19号之一 、 21号、12号，广雅后街4至9号、11至17号 ，广雅后街一巷10号、10号之一，广雅后街一巷14号至24号(双号门牌)，广雅后街19号、19号之一、19号之二 ，环市西路36号之一至之五 ，环市西路34号、38号、40号 、42号、44号、44号之一、44号之二、46号、48号
广东,广州,荔湾区西村街环市西路47至63号(单门牌)，西湾路20至22街，西湾路28-30街、西湾路39街、40街、41街、43街，西湾路80至94号(双门牌)、君荟名轩、羊城西湾大厦
广东,广州,荔湾区西村街桥荫坊1至15号，环市西路75号、75号之一，西湾苑
广东,广州,荔湾区西村街大岗元1至58号、西湾路32至36街、西湾路100至136号(双门牌)、西湾路42街、44街，东展楼
广东,广州,荔湾区西村街和苑四街1、2、3、5号，和苑二街4号5号(柴宝里)
广东,广州,荔湾区西村街西湾路97号、西湾路101号、西湾路101号之一、西湾路101号之二，西湾路103号，西湾西街4至43号，西湾路107号之一至之五，西湾路107号之七大院1栋至8栋。西湾路109号、109号之一至之三，西湾路109号之十三至之十六，西湾路119-145(单号)，福州一横街(1-10)，福州二横街(1-10)，穗南加油站
广东,广州,荔湾区西村街彭城路以东、彭城东路以南、西增路以西、环市西路以北合围区域(环市西苑社区)
广东,广州,白云区同和街同新路8号、8号之二、10号、10号之一、18号，贵贤街一巷2号、5号、5号-1、7号、9号、9号-1，贵贤街二巷2号-1、4号、4号-1
广东,广州,白云区太和镇草庄中路北2栋
广东,广州,海珠区南洲街道(除高风险区外)
广东,广州,海珠区琶洲街道(除高风险区外)
广东,广州,海珠区昌岗街道(除高风险区外)
广东,广州,海珠区龙凤街道(除高风险区外)
广东,广州,越秀区流花街火车站社区(除高风险区外)
广东,广州,越秀区洪桥街北园社区(除高风险区外)
广东,广州,越秀区登峰街童心社区(除高风险区外)
广东,广州,增城区荔城街全域（除已公布的高风险区外）
广东,广州,增城区增江街全域（除已公布的高风险区外）
广东,广州,白云区鹤龙街鹤北街东三巷4号、6号、8号，鹤北街东四巷3-8号
广东,广州,荔湾区站前街中狮里、中发里、中宁里、中达里、四约大街9-75号、西站一街1-10号、西站二街1-4号、8-16号、电台街33-39号、西站三街1、2、6、7、10-13号
广东,广州,白云区三元里街康寿街46号，机场路290号
广东,广州,荔湾区西村街西湾路150号悦汇城
广东,广州,越秀区东山街寺右南一街七巷11—33号(单号)所围成的区域(除高风险区外)
广东,广州,越秀区梅花村街杨箕社区(除高风险区外)
广东,广州,越秀区光塔街（除高风险区外）
广东,广州,越秀区人民街太平通津社区(除高风险区外)
广东,广州,越秀区黄花岗街御龙社区(除高风险区外)
广东,广州,越秀区华乐街花苑社区(除高风险区外)
广东,广州,白云区棠景街棠下南街十巷15号
广东,湛江,坡头区全域（除高风险区外）
广东,湛江,吴川市黄坡镇蓼罗村委会下寮村
广东,湛江,吴川市黄坡镇上马村委会平乐村
广东,湛江,吴川市全域（除高风险区、湛江吴川机场及其作业区外）
广东,湛江,吴川市塘㙍镇西埇村委会曲简村
广东,湛江,吴川市黄坡镇蓼罗村委会低垌村
广东,湛江,吴川市黄坡镇乌坭村委会凤塘村
广东,湛江,吴川市塘㙍镇翟屋村委会翟屋村
广东,湛江,廉江市全域（除高风险区、临时管控区外）
广东,东莞,大岭山镇大岭山大道-莞长路-广场大街-凯东街-广发路-顺发路-南一路-建设路-横镇西路-建卫南街闭环
广东,东莞,塘厦镇翻身街2号
广东,东莞,塘厦镇裕民街20号
广东,东莞,塘厦镇碧桂园时代城1栋2单元
广东,东莞,大岭山镇松湖碧桂园•天钻—石大公路—茶园路一街—振华路闭环
广东,东莞,大岭山镇建设路—建设北四巷—建设北二巷—井尾塘三街—中兴路—金兴大街闭环
广东,东莞,寮步镇富竹山村富新巷183号
广东,东莞,寮步镇横坑雅居商务公寓
广东,东莞,寮步镇泉塘村金松路16号
广东,东莞,大岭山镇石大公路—教育路—香园街闭环
广东,东莞,大岭山镇保利岭山林语花园—碧桂园森林里—金地前海山闭环
广东,东莞,寮步镇西溪雅景路横路铁皮房
广东,东莞,寮步镇凫山天龙公寓
广东,江门,鹤山市沙坪街道中东西阳光城鑫雅轩娱乐会所
广东,江门,恩平市全域（除已公布的高风险区外）
广东,江门,台山市全域(除高风险区外)
广东,江门,恩平市恩城街道河南市场
广东,江门,鹤山市全域（除已公布的高风险区外）
广东,江门,鹤山市沙坪街道文明酒店
广东,江门,鹤山市沙坪街道桂北邨33号、34号
广东,江门,恩平市恩城街道南堤新村南堤路一巷
广东,江门,鹤山市沙坪街道文华酒店
广东,中山,坦洲镇除高风险区的其它区域
广东,中山,三乡镇除高风险区的其它区域
广东,中山,板芙镇除高风险的其它区域
广东,中山,南头镇除高风险区的其它区域
广东,中山,东区街道除高风险区的其它区域
广东,中山,火炬开发区除高风险区的其它区域
广东,茂名,化州市全域（除高风险区以外)
广东,韶关,新丰县丰城街道其他地区（除高风险区外）
广东,韶关,曲江区（除高风险区外的其他地区）
广东,肇庆,端州区全域（除高风险外）
广东,清远,阳山县（除高风险区）
广东,清远,连南瑶族自治县（除高风险区外）
广东,清远,连州市（除高风险区外）
广东,梅州,梅江区（除高风险区外的其它区域）
广东,梅州,梅县区（除高风险区外）
广东,梅州,梅县区梅州高新区产业园广汽零部件产业园片区
广东,梅州,梅县畲江镇第十二网格（成山村）、第十三网格（连江村）、第十四网格（双螺村）、第十七网格（中坑村、彰三村、彰坑村）、第十八网格（叶田村、赤岭村、径心村、径义居委）、第十九网格（叶华村）、第二十网格（双溪村、双坪村、松棚村）
广东,梅州,梅县畲江镇第三网格（畲江中学、一横街和老圩镇）、第四网格（二至四横街）、第五网格（五至六横街）、第六网格（七至九横街）、第七网格（大昌新城和松林村）、第八网格（红星外围）、第九网格（官铺村）
广东,梅州,梅县畲江镇第一网格（公和村）、第二网格（上墩村）、第十网格（双龙村）、第十一网格（新化村、太湖村）、第十五网格（咸和村）
广东,阳江,江城区城南街道除高风险区外其他区域
广东,阳江,高新区除高风险区外其他区域
广东,阳江,阳东区东城镇全域
广东,阳江,阳东区北惯镇全域
广东,阳江,阳东区红丰镇全域
广东,阳江,阳东区大沟镇除高风险区外其他区域
广东,珠海,香洲区南屏镇华发水岸32栋
广东,珠海,斗门区井岸镇西埔村明珠广场1楼35-36号铺中国移动沟通100营业厅
广东,珠海,斗门区井岸镇西埔村文明路一巷127号华信住宿
广东,珠海,香洲区拱北街道联安路188号骏发山庄2栋
广东,珠海,香洲区拱北街道拱北口岸地下商场负一层
广东,珠海,斗门区乾务镇沙龙社区5巷3号
广东,珠海,斗门区井岸镇西埔村文明路三巷7号
广东,珠海,斗门区井岸镇西埔村大三角A区6号2栋
广东,珠海,斗门区西埔村文明路二巷31号知寓公寓
广东,珠海,香洲区梅华街道翠峰街128号杏花苑3栋
广东,深圳,福田区园岭街道（高风险区除外）
广东,深圳,罗湖区翠竹街道（除高风险区外）
广东,深圳,南山区粤海街道（除高风险区外）
广东,深圳,罗湖区东门街道（除高风险区外）
广东,深圳,龙岗区南湾街道（除高风险区外）
广东,深圳,福田区沙头街道（除高风险区外）
广东,深圳,龙岗区横岗街道（除高风险区外）
广东,深圳,龙岗区龙城街道（除高风险区外）
广东,深圳,龙华区观湖街道（除高风险区外）
广东,深圳,福田区香蜜湖街道（除高风险区外）
广东,深圳,南山区沙河街道全域（除高风险区外）
广东,深圳,宝安区西乡街道（除高风险区外）
广东,深圳,龙华区观澜街道（除高风险区外）
广东,深圳,福田区福田街道（除高风险区外）
广东,深圳,光明区马田街道（除高风险区外）
广东,深圳,南山区西丽街道（除高风险区外）
广东,深圳,罗湖区莲塘街道（除高风险区外）
广东,深圳,龙岗区布吉街道（除高风险区外）
广东,深圳,龙华区大浪街道（除高风险区外）
广东,深圳,龙华区龙华街道（除高风险区外）
广东,深圳,宝安区松岗街道（除高风险区外）
广东,惠州,惠阳区全域
广东,惠州,博罗县
广东,惠州,仲恺高新区陈江街道
广东,惠州,仲恺高新区沥林镇
广东,惠州,仲恺高新区潼湖镇
广东,惠州,仲恺高新区惠环街道
广东,惠州,仲恺高新区潼侨镇
广东,惠州,大亚湾开发区全域（高风险区除外）
广东,揭阳,普宁市广太镇潮来港村除高风险区外的其他区域
广东,揭阳,普宁市里湖镇东至梅塘长美村，南至238线（里湖大道），西至湖东街，北至引榕南岸的范围内除高风险区外的其他区域
广东,揭阳,普宁市大坝镇横山村大桥头25号
广东,揭阳,普宁市大坝镇老粮所小区东四栋西梯
广东,揭阳,普宁市大坝镇（除高风险区外）
广东,揭阳,普宁市洪阳镇南村东至工业园东路（松兴酱油厂门前路），南至鸣岗村大井洋一中北路，西北方向为S236线，东北方向为S237线
广东,汕头,澄海区溪南镇、莲上镇、莲下镇、上华镇、凤翔街道、澄华街道、广益街道（即外砂河-南溪河-义丰溪合围所形成区域,不含塔岗围片区）
安徽,淮北,濉溪县全县除高、中风险区以外的其他地区
湖北,武汉,经开区除高风险区以外的其他区域
湖北,武汉,武昌区除高风险区以外的其他区域
湖北,武汉,黄陂区除高风险地区以外的其他区域
湖北,武汉,东西湖区除高风险区以外的其他区域
湖北,武汉,硚口区除高风险区以外的其他区域
湖北,武汉,江岸区除高风险区以外的其他区域
湖北,武汉,汉阳区除高风险区以外的其他地区
湖北,武汉,江汉区除高风险区以外的其他区域
湖北,武汉,洪山区除高风险区以外的其他区域
湖北,黄冈,黄州区黄州区除高风险区以外的其他区域
湖北,黄冈,浠水县浠水县除高风险区以外的其他区域
湖北,黄冈,罗田县罗田县除高风险区以外的其他区域
湖北,黄冈,团风县团风县除高风险区以外的其他区域
河南,平顶山,汝州市除高风险以外区域的其他区域
河南,郑州,中原区除高风险区以外的其他区域
河南,郑州,二七区除高风险区以外的其他区域
河南,郑州,管城回族区除高风险区以外的其他区域
河南,郑州,金水区除高风险区以外的其他区域
河南,郑州,惠济区除高风险区以外的其它区域
河南,郑州,荥阳市除高风险区以外的其他区域
河南,郑州,新密市除高风险区以外的其他区域
河南,郑州,新郑市除高风险区以外的其他区域
河南,郑州,高新区除高风险区以外的其他区域
河南,郑州,郑东新区除高风险区以外的其他区域
河南,郑州,经开区除高风险区以外的其他区域
河南,郑州,中牟县除高风险区以外的其他区域 	
河南,郑州,登封市除高风险区以外的其他区域 
江西,鹰潭,贵溪市（除高风险区域以外的其他区域）
江西,抚州,高新区除高风险区以外的区域
新疆,乌鲁木齐,水磨沟区除高风险以外的地区
新疆,乌鲁木齐,天山区除高风险区以外的地区
新疆,乌鲁木齐,沙依巴克区除高风险区以外的地区
新疆,乌鲁木齐,高新区(新市区)除高风险以外的地区
新疆,乌鲁木齐,经开区（头屯河区）除高风险以外的地区
新疆,乌鲁木齐,米东区除高风险以外的地区
新疆,哈密,伊州区除中高风险以外的地区
新疆,阿克苏,库车市除高风险以外的地区
新疆,喀什,喀什市其他区域
新疆,喀什,莎车县其他区域
新疆,喀什,叶城县其他区域
新疆,和田,和田市高风险以外的其他地区
新疆,和田,和田县高风险以外的其他地区
新疆,和田,墨玉县高风险以外的其他地区
新疆,和田,皮山县高风险以外的其他地区
新疆,巴音郭楞,库尔勒市高风险区以外的其他区域
新疆,克孜勒苏,阿图什市除高风险区域以外的地区
陕西,宝鸡,陈仓区（除高风险区外）
陕西,咸阳,兴平市除高风险区以外地区
陕西,咸阳,乾县除高风险区以外地区
陕西,咸阳,永寿县除高风险区以外地区
陕西,咸阳,旬邑县除高风险区以外地区
陕西,咸阳,武功县除高风险区以外地区
陕西,咸阳,三原县除高风险区以外地区
陕西,咸阳,秦都区除高风险区以外地区
陕西,铜川,印台区（除高风险区外）
陕西,安康,汉阴县（除高风险区外）
陕西,安康,汉滨区（除高风险区外）
陕西,渭南,临渭区（除高风险区外）
陕西,渭南,大荔县（除高风险区外）
陕西,渭南,蒲城县（除高风险区外）
陕西,渭南,澄城县（除高风险区外）
陕西,渭南,华阴市（除高风险区外）
陕西,延安,宝塔区（除高风险区外）
陕西,延安,延川县（除高风险区外）
陕西,榆林,榆阳区（除高风险区外）
陕西,榆林,神木市（除高风险区外）
陕西,榆林,府谷县（除高风险区外）
陕西,榆林,横山区（除高风险区外）
陕西,榆林,定边县（除高风险区外）
陕西,榆林,子洲县（除高风险区外）
陕西,汉中,宁强县（除高风险区外）
陕西,商洛,商州区（除高风险区外）
陕西,商洛,洛南县（除高风险区外）
陕西,商洛,山阳县（除高风险区外）
湖南,湘潭,湘潭县除高风险外的其他地区
湖南,常德,武陵区公园世家1栋
湖南,常德,武陵区公园世家2栋架空层棋牌室
湖南,常德,武陵区除高风险区外的其他地区
湖南,常德,鼎城区除高风险区外的其他地区
湖南,永州,东安县除高风险区域外的其他区域
湖南,怀化,中方县除高风险外的其他区域
湖南,怀化,鹤城区除高风险区外的其他地区
湖南,株洲,除高风险区外的其他地区
湖南,湘西,凤凰县除高风险以外的其他区域
湖南,湘西,龙山县全县除高风险区以外的其他地区
湖南,邵阳,邵阳县除高风险区外的其他地区
辽宁,抚顺,望花区(除高风险区以外的其他区域)
辽宁,抚顺,顺城区(除高风险区以外的其他区域)
辽宁,丹东,振安区(除高风险区外)
辽宁,丹东,元宝区(除高风险区外)
辽宁,丹东,振兴区(除高风险区外)
辽宁,辽阳,灯塔市(除高风险区以外其他区域)
辽宁,辽阳,宏伟区(除高风险区以外其他区域)
辽宁,铁岭,铁岭县(除高风险区外的其他地区)
辽宁,铁岭,银州区(除高风险区外的其他地区)
辽宁,营口,鲅鱼圈区除高风险区以外其他区域
内蒙古,包头,昆都仑区（除高风险区以外的其他区域）
内蒙古,包头,青山区（除高风险区以外的其他区域）
内蒙古,包头,九原区（除高风险区以外的其他区域）
内蒙古,包头,固阳县（除高风险区外的其他区域）
内蒙古,包头,土默特右旗（除高风险区以外的其他区域）
内蒙古,包头,稀土高新区（除高风险区以外的其他区域）
内蒙古,包头,东河区（除高风险区外的其他区域）
内蒙古,乌海,海勃湾区（除高风险区以外地区）
内蒙古,赤峰,红山区（除高风险区外的其他区域）
内蒙古,赤峰,松山区（除高风险区外的其他区域）
内蒙古,赤峰,阿鲁科尔沁旗（除高风险区外的其他区域）
内蒙古,赤峰,巴林左旗（除高风险区外的其他区域）
内蒙古,赤峰,林西县（除高风险区外的其他区域）
内蒙古,赤峰,宁城县（除高风险区外的其他区域）
内蒙古,赤峰,敖汉旗（除高风险区外的其他区域）
内蒙古,通辽,科尔沁区（除高风险区外的其他区域）
内蒙古,通辽,霍林郭勒市（除高风险区外的其他区域）
内蒙古,通辽,科尔沁左翼后旗（除高风险区外的其他区域）
内蒙古,通辽,开鲁县（除高风险区外的其他区域）
内蒙古,通辽,扎鲁特旗（除高风险区外的其他区域）
内蒙古,通辽,经济技术开发区（除高风险区外的其他区域）
内蒙古,鄂尔多斯,伊金霍洛旗（除高风险区外的其他区域）
内蒙古,巴彦淖尔,五原县（除高风险区外的其他区域）
内蒙古,巴彦淖尔,乌拉特前旗（除高中风险区外的其他区域）
内蒙古,乌兰察布,集宁区（除高风险区外的其他区域）
内蒙古,乌兰察布,丰镇市（除高风险区外的其他区域）
内蒙古,兴安,科尔沁右翼中旗（除高风险外的其他区域）
内蒙古,锡林郭勒,二连浩特市（除高风险区以外其他区域）
内蒙古,呼和浩特,新城区（除高风险区之外的区域）
内蒙古,呼和浩特,玉泉区（除高风险区之外的区域）
内蒙古,呼和浩特,回民区（除高风险区之外的区域）
内蒙古,呼和浩特,赛罕区（除高风险区之外的区域）
内蒙古,呼和浩特,托克托县（除高风险区之外的区域）
内蒙古,呼和浩特,土左旗（除高风险区之外的区域）
江苏,南京,鼓楼区小市街道除高风险区以外的其他区域
江苏,南京,秦淮区五老村街道除高风险区以外的其他区域
江苏,南京,秦淮区月牙湖街道除高风险区以外的其他区域
江苏,南京,雨花台区铁心桥街道除高风险区以外的其他区域
江苏,南京,玄武区梅园新村街道除高风险区以外的其他区域
江苏,南京,栖霞区迈皋桥街道除高风险区以外的其他区域
江苏,南京,栖霞区燕子矶街道除高风险区以外的其他区域
江苏,南京,溧水区永阳街道除高风险区以外的其他区域
江苏,南京,江宁区汤山街道除高风险区以外的其他区域
江苏,南京,江宁区禄口街道除高风险区以外的其他区域
江苏,南京,鼓楼区中央门街道除高风险区以外的其他区域
江苏,南京,浦口区江浦街道除高风险区以外的其他区域
江苏,南京,雨花台区雨花街道除高风险区以外的其他区域
江苏,南京,江北新区沿江街道除高风险区以外的其他区域
江苏,南京,江北新区泰山街道除高风险区以外的其他区域
江苏,南京,江北新区葛塘街道除高风险区以外的其他区域
江苏,南京,六合区冶山街道除高风险区以外的其他区域
江苏,南京,鼓楼区凤凰街道除高风险区以外的其他区域
江苏,南京,江宁区东山街道（武夷花园55幢除外）
江苏,南京,玄武区孝陵卫街道除高风险区以外的其他区域
江苏,南京,玄武区玄武湖街道除高风险区以外的其他区域
江苏,南京,玄武区红山街道除高风险区以外的其他区域
江苏,徐州,贾汪区
江苏,徐州,淮海国际港务区
江苏,淮安,徐溜镇其他区域
江苏,连云港,云台山景区其他区域（除高风险区外）
江苏,连云港,东海县其他地区（除高风险区外）
江苏,连云港,连云港经济技术开发区其他地区（除高风险区外）
江苏,连云港,海州区其他地区（除高风险区外）
江苏,连云港,徐圩新区徐圩新区
江苏,连云港,连云区其他区域（除高风险区外）
江苏,连云港,灌云县其他地区（除高风险区外）
江苏,南通,崇川区除高风险区以外区域
江苏,泰州,兴化市戴南镇除高风险区以外区域
江苏,盐城,射阳县临海镇高风险区以外区域
江苏,盐城,射阳县解放路以南，原中联5组居民沟以西，新体育路以北，海都路以东合围区内除高风险区域的其他区域
青海,黄南,泽库县 泽库县除高风险区以外区域
青海,海北,门源回族自治县 门源县除高风险区以外的区域
青海,海东,乐都区 乐都区除高风险区以外区域
青海,海东,循化撒拉族自治县 循化县除高风险区以外区域
海南,三亚,吉阳区除高风险以外区域
海南,三亚,天涯区除高风险以外区域
海南,海口,美兰区除高风险以外区域
海南,万宁,万宁市除高风险以外区域
海南,琼海,嘉积镇人民路榆海万泉河畔小区椰蓝苑B-3栋
宁夏,石嘴山,惠农区 其它区域
宁夏,吴忠,盐池县 其它区域
宁夏,吴忠,利通区 其它区域
宁夏,吴忠,红寺堡区 其它区域
宁夏,吴忠,青铜峡市 其它区域
宁夏,固原,西吉县 其它区域
宁夏,银川,贺兰县 其它区域
宁夏,银川,永宁县 其它区域
宁夏,银川,金凤区 其它区域
宁夏,银川,西夏区 其它区域
宁夏,银川,兴庆区 其它区域
宁夏,中卫,沙坡头区 其它区域
宁夏,中卫,中宁县 其它区域
宁夏,中卫,海原县 其它区域
西藏,阿里,噶尔县其他区域为低风险区
西藏,阿里,噶尔县左左乡朗久村二组
西藏,日喀则,桑珠孜区高风险区以外的其他区域为低风险区
西藏,昌都,卡若区高风险区以外的其他区域
西藏,昌都,丁青县高风险区以外的其他区域
西藏,昌都,卡若区芒达乡白措村
广西,桂林,临桂区除高风险区外的其他地区
天津,天津,静海区台头镇和平村、胜利村、幸福村、友好村、义和村、新立村、民生村、建设村8个村除高风险区外的其他区域
天津,天津,北辰区西堤头镇刘快庄村、西堤头村、东堤头村
天津,天津,津南区八里台镇除高风险区以外区域
天津,天津,津南区辛庄镇除高风险区以外其他区域
天津,天津,蓟州区文昌街道品悦江南4号楼
天津,天津,蓟州区别山镇科科村2区6排5号、6号、10号、2区7排6号、8号、2区8排3号、4号、9号、2区18排5号
天津,天津,蓟州区别山镇悦康医药（地址翠屏山大街十字路口西路南）
天津,天津,宁河区芦台街佳园小区除高风险区以外区域
天津,天津,静海区静海镇新湖公寓除10号楼外所辖区域
天津,天津,静海区朝阳街道禹洲尊府小区除高风险外的其他区域
天津,天津,滨海新区茶淀街道除高风险区以外区域
天津,天津,静海区星海时代花园小区全域
天津,天津,静海区团泊镇颂溪苑小区除高风险区外的其他区域
天津,天津,静海区子牙镇东子牙村所辖区域
天津,天津,静海区静海镇前杨村除高风险区（5区9排-13排）外所辖区域
天津,天津,静海区杨成庄乡怡湖园夏园41号楼外所辖区域
上海,上海,虹口区江湾镇街道(高风险区除外)
上海,上海,杨浦区大桥街道（高风险区除外）
上海,上海,杨浦区四平路街道（高风险区除外）
上海,上海,虹口区曲阳路街道(高风险区除外)
上海,上海,宝山区顾村镇(高风险区除外)
上海,上海,普陀区长征镇（高风险区除外）
上海,上海,普陀区万里街道（高风险区除外）
上海,上海,杨浦区新江湾城街道(高风险区除外)
上海,上海,杨浦区定海路街道（高风险区除外）
上海,上海,松江区永丰街道（高风险区除外）
上海,上海,嘉定区南翔镇（高风险区除外）
上海,上海,普陀区石泉路街道（高风险区除外）
上海,上海,杨浦区五角场街道（高风险区除外）
上海,上海,青浦区赵巷镇（高风险区除外）
上海,上海,宝山区月浦镇(高风险区除外)
上海,上海,宝山区大场镇(高风险区除外)
上海,上海,宝山区宝山工业园区(高风险区除外)
上海,上海,嘉定区安亭镇(高风险区除外)
上海,上海,青浦区徐泾镇(高风险区除外)
上海,上海,青浦区华新镇(高风险区除外)
